,agents_played,assists,assists_per_round,average_combat_score,average_damage_per_round,clutch_success_percentage,deaths,fd,first_deaths_per_round,first_kills_per_round,fk,headshot_percentage,kill_assists_survived_traded,kill_deaths,kills,kills_per_round,kmax,org,player,rating,rounds,region,event
0,['jett'],17,0.19,237.0,156.1,8,61,15,0.17,0.18,16,25,71,1.21,74,0.82,24,FUR,mwzera,1.19,90,NA,KICKOFF
1,['viper'],69,0.25,213.3,142.9,12,164,19,0.07,0.08,22,31,76,1.25,205,0.76,24,LOUD,Less,1.15,271,NA,KICKOFF
2,"['raze', 'jett']",86,0.20,249.0,161.8,9,307,70,0.16,0.22,93,25,72,1.21,373,0.86,31,SEN,zekken,1.15,432,NA,KICKOFF
3,"['raze', 'reyna', 'jett']",37,0.20,242.1,162.5,25,128,25,0.13,0.15,27,28,73,1.23,158,0.85,31,LEV,aspas,1.15,186,NA,KICKOFF
4,"['omen', 'brimstone', 'harbor']",128,0.47,190.8,127.8,21,165,10,0.04,0.05,14,31,75,1.11,183,0.68,19,LOUD,tuyz,1.10,271,NA,KICKOFF
5,"['omen', 'yoru', 'kayo']",180,0.42,212.9,139.8,8,290,39,0.09,0.13,54,26,76,1.11,323,0.75,30,SEN,TenZ,1.10,432,NA,KICKOFF
6,"['viper', 'kayo', 'killjoy']",179,0.41,195.1,123.9,16,277,32,0.07,0.08,36,17,77,1.05,292,0.68,19,SEN,Zellsis,1.09,432,NA,KICKOFF
7,"['jett', 'chamber']",15,0.14,251.2,165.8,,80,11,0.10,0.23,25,35,68,1.25,100,0.91,31,KRÜ,keznit,1.09,110,NA,KICKOFF
8,"['jett', 'raze', 'yoru']",56,0.19,237.3,155.0,20,211,63,0.21,0.20,59,28,69,1.16,244,0.81,26,G2,leaf,1.08,300,NA,KICKOFF
9,"['cypher', 'killjoy', 'viper']",116,0.27,187.5,123.0,21,258,27,0.06,0.06,27,26,75,1.10,284,0.66,19,SEN,johnqt,1.08,432,NA,KICKOFF
10,"['jett', 'omen']",24,0.15,215.3,145.6,7,110,26,0.17,0.20,32,33,71,1.08,119,0.76,24,NRG,Demon1,1.08,157,NA,KICKOFF
11,"['cypher', 'killjoy', 'raze']",30,0.19,211.0,140.3,20,97,17,0.11,0.11,17,25,74,1.24,120,0.76,22,NRG,Victor,1.08,157,NA,KICKOFF
12,"['fade', 'gekko', 'sova']",19,0.17,219.0,140.2,18,76,5,0.05,0.12,13,37,69,1.11,84,0.76,22,EG,Derrek,1.08,110,NA,KICKOFF
13,"['killjoy', 'viper']",24,0.22,190.4,140.1,54,69,7,0.06,0.05,6,23,69,1.10,76,0.69,19,KRÜ,Shyy,1.07,110,NA,KICKOFF
14,"['omen', 'viper']",34,0.31,190.6,124.6,21,72,9,0.08,0.11,12,33,72,1.00,72,0.65,22,EG,supamen,1.07,110,NA,KICKOFF
15,"['skye', 'sova', 'fade']",194,0.45,200.2,134.9,21,288,25,0.06,0.07,29,26,74,0.99,285,0.66,24,SEN,Sacy,1.06,432,NA,KICKOFF
16,"['raze', 'skye', 'fade']",71,0.44,211.1,134.0,15,118,19,0.12,0.08,13,23,80,0.98,116,0.72,20,C9,Xeppaa,1.05,162,NA,KICKOFF
17,['viper'],87,0.29,197.0,136.7,20,200,26,0.09,0.07,22,29,74,1.00,200,0.67,22,G2,trent,1.04,300,NA,KICKOFF
18,"['kayo', 'skye']",76,0.48,210.7,135.3,23,108,12,0.08,0.06,9,21,78,1.00,108,0.69,27,NRG,Ethan,1.04,157,NA,KICKOFF
19,"['skye', 'viper', 'gekko']",55,0.34,198.6,132.2,23,109,13,0.08,0.06,10,22,76,1.03,112,0.69,23,C9,vanity,1.03,162,NA,KICKOFF
20,"['cypher', 'killjoy']",22,0.20,217.0,153.7,13,79,21,0.19,0.07,8,33,61,1.08,85,0.77,21,EG,Apoth,1.03,110,NA,KICKOFF
21,"['brimstone', 'astra', 'jett']",20,0.17,206.3,137.3,40,83,14,0.12,0.11,13,25,70,1.13,94,0.78,21,100T,Cryocells,1.02,120,NA,KICKOFF
22,"['sova', 'kayo', 'breach']",103,0.34,178.6,121.0,24,199,27,0.09,0.04,13,29,75,0.98,195,0.65,23,G2,JonahP,1.01,300,NA,KICKOFF
23,"['breach', 'sova']",88,0.32,195.5,120.7,,188,22,0.08,0.14,38,30,74,1.03,193,0.71,20,LOUD,cauanzin,1.01,271,NA,KICKOFF
24,"['brimstone', 'astra', 'omen']",109,0.40,187.8,129.3,16,176,14,0.05,0.04,10,30,77,1.05,185,0.68,23,MIBR,RgLMeister,1.01,274,NA,KICKOFF
25,"['viper', 'killjoy', 'cypher']",46,0.17,192.2,126.1,26,174,28,0.10,0.08,21,29,67,1.09,190,0.69,22,MIBR,frz,1.01,274,NA,KICKOFF
26,"['raze', 'skye', 'sova']",58,0.21,216.3,144.3,5,198,37,0.14,0.15,42,30,75,1.07,212,0.77,28,MIBR,jzz,1.00,274,NA,KICKOFF
27,"['viper', 'breach', 'kayo']",55,0.30,207.4,136.2,15,129,13,0.07,0.03,6,31,73,1.05,136,0.73,22,LEV,kiNgg,1.00,186,NA,KICKOFF
28,"['sova', 'viper', 'breach']",49,0.31,167.9,110.3,10,94,11,0.07,0.06,9,25,74,1.00,94,0.60,22,NRG,crashies,0.99,157,NA,KICKOFF
29,"['viper', 'killjoy']",36,0.22,179.0,119.7,7,100,11,0.07,0.07,11,21,73,0.98,98,0.60,23,C9,wippie,0.98,162,NA,KICKOFF
30,"['sova', 'fade', 'skye']",38,0.35,182.8,126.0,13,78,5,0.05,0.11,12,22,71,0.83,65,0.59,17,KRÜ,Klaus,0.98,110,NA,KICKOFF
31,"['jett', 'raze']",44,0.16,216.3,138.8,27,203,40,0.15,0.14,38,25,72,1.00,202,0.74,28,MIBR,artzin,0.98,274,NA,KICKOFF
32,"['raze', 'phoenix', 'jett']",52,0.19,203.0,135.7,7,199,42,0.15,0.18,48,28,67,0.99,198,0.73,24,LOUD,Quick,0.96,271,NA,KICKOFF
33,"['gekko', 'killjoy', 'omen']",30,0.25,201.8,141.2,10,91,16,0.13,0.13,16,28,72,0.93,85,0.71,22,100T,Boostio,0.96,120,NA,KICKOFF
34,"['brimstone', 'astra', 'omen']",63,0.39,170.7,113.4,14,111,9,0.06,0.04,7,28,74,0.88,98,0.60,20,C9,jakee,0.96,162,NA,KICKOFF
35,"['killjoy', 'cypher']",54,0.18,198.5,131.1,8,208,18,0.06,0.07,21,39,68,1.00,209,0.70,25,G2,neT,0.96,300,NA,KICKOFF
36,"['skye', 'sova']",84,0.45,187.6,120.9,9,131,19,0.10,0.08,15,21,71,0.89,117,0.63,24,LEV,C0M,0.96,186,NA,KICKOFF
37,"['fade', 'sova']",35,0.29,170.0,110.9,4,83,5,0.04,0.03,3,25,71,0.89,74,0.62,17,100T,eeiu,0.95,120,NA,KICKOFF
38,"['viper', 'omen']",63,0.40,193.0,123.0,8,118,15,0.10,0.06,9,27,75,0.88,104,0.66,22,NRG,Marved,0.95,157,NA,KICKOFF
39,"['raze', 'deadlock', 'jett']",29,0.26,206.0,138.7,,84,17,0.15,0.15,16,21,64,0.92,77,0.70,21,EG,jawgemo,0.95,110,NA,KICKOFF
40,"['sova', 'skye']",29,0.32,170.0,113.7,7,61,2,0.02,0.07,6,18,76,0.84,51,0.57,14,FUR,kon4n,0.95,90,NA,KICKOFF
41,"['yoru', 'raze', 'jett']",26,0.16,227.9,147.9,7,134,31,0.19,0.23,38,33,67,0.96,128,0.79,24,C9,OXY,0.94,162,NA,KICKOFF
42,"['brimstone', 'omen', 'harbor']",111,0.37,180.8,114.2,11,209,22,0.07,0.10,29,22,76,0.90,189,0.63,24,G2,valyn,0.94,300,NA,KICKOFF
43,"['cypher', 'killjoy', 'viper']",16,0.18,170.5,119.5,10,64,5,0.06,0.03,3,27,64,0.84,54,0.60,15,FUR,Khalil,0.93,90,NA,KICKOFF
44,['viper'],31,0.26,192.5,124.2,21,85,11,0.09,0.09,11,29,71,0.92,78,0.65,19,100T,bang,0.92,120,NA,KICKOFF
45,"['skye', 'kayo', 'killjoy']",107,0.39,186.9,122.0,5,203,32,0.12,0.08,23,17,75,0.82,166,0.61,19,LOUD,saadhak,0.89,271,NA,KICKOFF
46,"['viper', 'omen', 'astra']",30,0.33,167.0,106.4,8,60,6,0.07,0.06,5,35,70,0.83,50,0.56,19,FUR,liazzi,0.89,90,NA,KICKOFF
47,['kayo'],51,0.46,179.4,111.7,,84,14,0.13,0.11,12,39,67,0.76,64,0.58,14,KRÜ,mta,0.89,110,NA,KICKOFF
48,"['raze', 'gekko']",32,0.27,189.5,117.0,22,95,18,0.15,0.11,13,17,71,0.76,72,0.60,18,100T,Asuna,0.88,120,NA,KICKOFF
49,"['skye', 'viper', 'kayo']",103,0.38,161.6,109.1,14,187,25,0.09,0.07,19,29,66,0.79,147,0.54,19,MIBR,mazin,0.88,274,NA,KICKOFF
50,"['harbor', 'omen', 'astra']",65,0.35,163.6,112.8,28,135,23,0.12,0.06,11,26,67,0.78,105,0.56,18,LEV,Mazino,0.84,186,NA,KICKOFF
51,"['breach', 'kayo']",45,0.41,148.4,94.0,13,83,2,0.02,0.06,7,27,72,0.66,55,0.50,18,EG,NaturE,0.80,110,NA,KICKOFF
52,"['gekko', 'cypher', 'killjoy']",47,0.25,167.0,115.5,,147,28,0.15,0.11,20,27,70,0.73,107,0.58,19,LEV,tex,0.76,186,NA,KICKOFF
53,"['kayo', 'raze']",26,0.29,171.3,111.6,,69,20,0.22,0.13,12,27,56,0.72,50,0.56,20,FUR,havoc,0.75,90,NA,KICKOFF
54,"['viper', 'omen', 'astra']",31,0.28,137.4,87.3,6,81,13,0.12,0.05,5,30,66,0.67,54,0.49,13,KRÜ,Melser,0.73,110,NA,KICKOFF
55,"['jett', 'raze', 'neon']",95,0.20,269.0,169.8,13,297,55,0.11,0.22,105,27,77,1.52,451,0.94,27,LEV,aspas,1.35,479,NA,STAGE 2
56,"['omen', 'viper']",190,0.40,209.8,134.0,17,276,33,0.07,0.10,49,28,81,1.31,362,0.76,23,LEV,kiNgg,1.20,479,NA,STAGE 2
57,"['kayo', 'harbor', 'brimstone']",217,0.45,228.6,150.9,6,322,33,0.07,0.09,41,28,79,1.23,395,0.82,34,LEV,Mazino,1.16,479,NA,STAGE 2
58,"['raze', 'jett']",55,0.25,273.7,178.4,9,169,39,0.18,0.24,53,27,71,1.15,195,0.90,28,SEN,zekken,1.13,217,NA,STAGE 2
59,"['sova', 'fade']",143,0.35,200.5,135.7,16,250,10,0.02,0.05,19,31,77,1.17,292,0.71,26,100T,eeiu,1.13,411,NA,STAGE 2
60,"['clove', 'omen', 'brimstone']",97,0.45,224.7,143.6,19,147,16,0.07,0.09,20,27,78,1.13,166,0.77,24,NRG,s0m,1.12,215,NA,STAGE 2
61,"['breach', 'kayo', 'yoru']",92,0.43,222.5,136.2,11,152,13,0.06,0.12,25,22,79,1.08,164,0.76,25,NRG,Ethan,1.10,215,NA,STAGE 2
62,"['omen', 'gekko']",80,0.37,204.2,132.8,7,144,23,0.11,0.09,20,26,74,1.08,155,0.71,23,SEN,TenZ,1.08,217,NA,STAGE 2
63,"['kayo', 'viper', 'breach']",153,0.39,205.7,129.3,23,266,30,0.08,0.09,36,24,71,1.07,285,0.73,27,G2,JonahP,1.08,388,NA,STAGE 2
64,"['killjoy', 'gekko', 'cypher']",101,0.21,204.6,135.7,16,307,46,0.10,0.09,45,32,74,1.17,359,0.75,23,LEV,tex,1.06,479,NA,STAGE 2
65,"['viper', 'omen', 'brimstone']",74,0.31,206.7,138.1,14,160,15,0.06,0.07,18,32,75,1.16,186,0.77,31,FUR,Khalil,1.06,241,NA,STAGE 2
66,"['sova', 'fade']",171,0.36,180.0,125.1,16,286,34,0.07,0.08,38,20,79,1.04,298,0.62,28,LEV,C0M,1.06,479,NA,STAGE 2
67,"['fade', 'sova', 'gekko']",82,0.34,199.3,135.3,7,166,8,0.03,0.06,15,37,76,1.08,179,0.74,23,EG,Derrek,1.06,242,NA,STAGE 2
68,"['omen', 'harbor', 'brimstone']",150,0.39,202.4,123.0,24,270,34,0.09,0.10,39,22,79,1.01,273,0.70,23,G2,valyn,1.05,388,NA,STAGE 2
69,"['cypher', 'breach', 'viper']",79,0.36,179.8,114.3,15,127,13,0.06,0.02,5,21,75,1.10,140,0.65,21,SEN,Zellsis,1.04,217,NA,STAGE 2
70,"['jett', 'brimstone', 'astra']",83,0.20,223.8,138.7,21,298,48,0.12,0.15,62,26,71,1.13,336,0.82,27,100T,Cryocells,1.04,411,NA,STAGE 2
71,"['omen', 'clove']",65,0.27,214.6,136.3,21,177,37,0.15,0.09,22,45,73,1.08,192,0.79,23,EG,supamen,1.04,242,NA,STAGE 2
72,"['killjoy', 'viper']",102,0.26,219.1,148.4,22,279,35,0.09,0.11,43,19,69,1.06,295,0.76,25,G2,leaf,1.04,388,NA,STAGE 2
73,"['gekko', 'kayo', 'raze']",176,0.43,205.6,132.5,15,297,50,0.12,0.13,54,19,76,0.96,286,0.70,23,100T,Asuna,1.03,411,NA,STAGE 2
74,"['sova', 'fade', 'gekko']",152,0.39,186.1,126.0,17,262,35,0.09,0.07,29,23,74,0.95,250,0.64,22,G2,trent,1.02,388,NA,STAGE 2
75,"['sova', 'breach', 'gekko']",75,0.31,198.4,140.3,17,164,9,0.04,0.03,8,27,73,1.02,167,0.69,24,FUR,nzr,1.02,241,NA,STAGE 2
76,"['raze', 'jett', 'neon']",105,0.21,233.0,155.2,13,370,82,0.17,0.19,92,23,70,1.05,390,0.79,29,KRÜ,keznit,1.02,492,NA,STAGE 2
77,"['viper', 'omen']",147,0.36,202.2,127.4,13,278,50,0.12,0.10,40,33,73,1.04,289,0.70,31,100T,bang,1.02,411,NA,STAGE 2
78,"['omen', 'viper', 'brimstone']",102,0.34,192.1,128.9,19,195,23,0.08,0.07,21,37,71,1.06,207,0.69,28,LOUD,pANcada,1.02,299,NA,STAGE 2
79,"['iso', 'neon', 'raze']",63,0.26,243.4,159.9,10,195,36,0.15,0.18,44,24,71,1.01,196,0.81,23,EG,jawgemo,1.01,242,NA,STAGE 2
80,"['fade', 'breach', 'kayo']",79,0.26,220.0,144.2,13,219,28,0.09,0.12,37,29,71,1.05,229,0.77,24,LOUD,cauanzin,1.00,299,NA,STAGE 2
81,"['killjoy', 'viper', 'cypher']",113,0.23,202.1,142.1,18,342,41,0.08,0.06,28,29,69,1.06,362,0.74,27,KRÜ,Shyy,1.00,492,NA,STAGE 2
82,"['omen', 'viper']",174,0.35,185.3,121.5,18,334,50,0.10,0.08,40,33,74,0.97,323,0.66,23,KRÜ,Melser,0.99,492,NA,STAGE 2
83,"['fade', 'skye', 'kayo']",182,0.37,185.7,122.4,12,350,50,0.10,0.07,36,30,73,0.97,341,0.69,26,KRÜ,heat,0.99,492,NA,STAGE 2
84,"['cypher', 'killjoy', 'omen']",64,0.21,191.1,130.0,5,205,22,0.07,0.09,28,30,65,1.03,211,0.71,21,LOUD,Less,0.99,299,NA,STAGE 2
85,"['yoru', 'gekko', 'killjoy']",56,0.25,212.7,141.7,13,163,20,0.09,0.12,27,27,67,1.05,171,0.76,24,MIBR,artzin,0.99,225,NA,STAGE 2
86,"['deadlock', 'cypher', 'killjoy']",44,0.20,172.4,113.5,11,140,14,0.06,0.05,11,29,71,0.96,134,0.62,19,SEN,johnqt,0.98,217,NA,STAGE 2
87,"['sova', 'fade', 'gekko']",45,0.25,192.3,130.3,12,137,13,0.07,0.08,14,31,72,0.91,124,0.68,22,MIBR,rich,0.97,183,NA,STAGE 2
88,"['killjoy', 'viper', 'cypher']",45,0.19,198.3,138.8,16,175,33,0.14,0.12,28,36,65,0.96,168,0.70,23,FUR,havoc,0.97,241,NA,STAGE 2
89,"['jett', 'neon', 'raze']",56,0.23,236.4,152.8,7,198,36,0.15,0.18,44,18,74,0.99,197,0.82,29,FUR,mwzera,0.97,241,NA,STAGE 2
90,"['fade', 'gekko', 'skye']",74,0.34,170.4,119.9,5,136,27,0.12,0.06,12,29,74,0.93,127,0.59,19,SEN,Sacy,0.96,217,NA,STAGE 2
91,"['omen', 'viper', 'brimstone']",67,0.30,168.5,110.3,19,152,9,0.04,0.07,16,31,65,0.86,130,0.58,20,MIBR,mazin,0.95,225,NA,STAGE 2
92,"['gekko', 'sova', 'fade']",70,0.33,171.4,113.4,12,137,13,0.06,0.04,9,24,75,0.92,126,0.59,19,NRG,crashies,0.94,215,NA,STAGE 2
93,"['neon', 'gekko', 'raze']",79,0.20,194.2,131.2,10,280,58,0.15,0.12,47,23,71,0.97,272,0.70,23,G2,icy,0.93,388,NA,STAGE 2
94,"['jett', 'reyna', 'raze']",45,0.16,232.7,152.1,17,228,53,0.19,0.18,50,27,69,0.99,226,0.82,33,C9,OXY,0.93,277,NA,STAGE 2
95,"['killjoy', 'cypher']",32,0.12,165.9,115.1,17,181,18,0.06,0.09,25,25,65,0.92,166,0.60,18,C9,moose,0.93,277,NA,STAGE 2
96,"['neon', 'clove', 'raze']",37,0.17,214.7,139.6,17,165,51,0.24,0.20,43,25,67,0.98,161,0.75,23,NRG,Victor,0.92,215,NA,STAGE 2
97,"['killjoy', 'gekko', 'breach']",117,0.28,187.7,131.5,13,309,45,0.11,0.08,34,24,70,0.84,260,0.63,21,100T,Boostio,0.90,411,NA,STAGE 2
98,"['kayo', 'gekko', 'skye']",109,0.39,175.4,120.3,24,200,25,0.09,0.05,14,26,73,0.78,156,0.56,18,C9,Xeppaa,0.90,277,NA,STAGE 2
99,"['breach', 'killjoy', 'skye']",86,0.36,163.5,107.4,14,175,15,0.06,0.06,15,32,72,0.78,137,0.57,19,EG,NaturE,0.89,242,NA,STAGE 2
100,"['killjoy', 'kayo', 'breach']",57,0.25,172.1,115.0,12,158,16,0.07,0.05,12,32,70,0.87,138,0.61,19,MIBR,liazzi,0.89,225,NA,STAGE 2
101,"['gekko', 'omen', 'jett']",70,0.23,175.5,117.3,6,210,38,0.13,0.08,25,27,70,0.90,190,0.64,22,LOUD,tuyz,0.89,299,NA,STAGE 2
102,"['jett', 'raze']",27,0.15,221.1,142.3,18,157,37,0.20,0.22,41,27,63,0.85,134,0.73,18,MIBR,Palla,0.88,183,NA,STAGE 2
103,"['neon', 'gekko', 'kayo']",110,0.37,192.8,126.8,23,229,46,0.15,0.10,31,22,69,0.80,183,0.61,20,LOUD,saadhak,0.88,299,NA,STAGE 2
104,"['omen', 'viper']",85,0.31,177.4,118.5,10,205,36,0.13,0.10,27,21,66,0.84,173,0.62,21,C9,vanity,0.87,277,NA,STAGE 2
105,"['sova', 'breach', 'viper']",83,0.30,162.0,107.7,9,194,15,0.05,0.05,13,32,70,0.78,151,0.55,22,C9,runi,0.87,277,NA,STAGE 2
106,['sova'],14,0.33,172.5,124.2,17,29,4,0.10,0.07,3,24,74,0.79,23,0.55,12,MIBR,ShahZaM,0.85,42,NA,STAGE 2
107,"['cypher', 'sova', 'viper']",100,0.22,162.9,111.8,7,327,34,0.08,0.07,30,33,67,0.78,255,0.57,22,KRÜ,mta,0.85,445,NA,STAGE 2
108,"['cypher', 'deadlock', 'viper']",60,0.28,158.1,105.5,12,163,9,0.04,0.08,17,19,64,0.71,116,0.54,18,NRG,FiNESSE,0.81,215,NA,STAGE 2
109,"['cypher', 'harbor', 'brimstone']",63,0.26,150.6,102.4,16,179,33,0.14,0.07,17,32,62,0.68,121,0.50,18,EG,Apoth,0.78,242,NA,STAGE 2
110,"['sage', 'gekko', 'fade']",83,0.34,139.4,94.7,8,183,32,0.13,0.07,18,29,70,0.65,119,0.49,18,FUR,xand,0.73,241,NA,STAGE 2
111,"['viper', 'cypher']",11,0.23,127.0,92.6,,34,6,0.13,0.09,4,27,64,0.59,20,0.43,12,KRÜ,Klaus,0.70,47,NA,STAGE 2
112,"['iso', 'jett']",12,0.29,140.5,101.3,,35,9,0.21,0.10,4,24,64,0.54,19,0.45,11,MIBR,Pa1nt,0.61,42,NA,STAGE 2
113,"['jett', 'phoenix', 'raze']",91,0.17,260.3,175.1,11,344,58,0.11,0.16,89,31,75,1.51,519,0.95,47,LEV,aspas,1.25,544,NA,STAGE 1
114,"['jett', 'raze']",86,0.22,291.1,185.6,18,307,66,0.17,0.24,93,29,75,1.26,387,1.01,35,C9,OXY,1.22,383,NA,STAGE 1
115,"['jett', 'astra', 'brimstone']",123,0.27,243.0,161.1,12,298,29,0.06,0.14,65,24,77,1.35,402,0.88,33,100T,Cryocells,1.22,457,NA,STAGE 1
116,"['kayo', 'omen', 'gekko']",149,0.52,224.2,138.9,22,196,24,0.08,0.12,34,26,76,1.11,217,0.75,28,SEN,TenZ,1.18,289,NA,STAGE 1
117,"['sova', 'fade']",140,0.31,195.4,133.8,12,261,18,0.04,0.06,27,32,78,1.26,328,0.72,24,100T,eeiu,1.16,457,NA,STAGE 1
118,"['viper', 'omen']",144,0.32,210.1,132.1,7,273,41,0.09,0.10,47,33,78,1.24,338,0.74,21,100T,bang,1.15,457,NA,STAGE 1
119,"['fade', 'kayo', 'gekko']",160,0.38,211.5,139.7,19,278,37,0.09,0.07,28,36,76,1.18,327,0.78,26,KRÜ,heat,1.14,420,NA,STAGE 1
120,"['omen', 'brimstone', 'harbor']",198,0.34,212.2,136.3,20,392,50,0.09,0.11,65,27,76,1.15,450,0.77,26,G2,valyn,1.13,584,NA,STAGE 1
121,"['gekko', 'raze', 'kayo']",161,0.35,230.1,145.4,15,315,69,0.15,0.14,66,20,74,1.13,357,0.78,25,100T,Asuna,1.10,457,NA,STAGE 1
122,"['raze', 'reyna', 'jett']",80,0.19,251.2,167.8,10,306,71,0.17,0.20,83,29,70,1.20,366,0.87,27,KRÜ,keznit,1.10,420,NA,STAGE 1
123,"['viper', 'cypher']",91,0.31,187.5,124.9,19,173,19,0.07,0.06,16,27,76,1.12,194,0.67,29,SEN,johnqt,1.09,289,NA,STAGE 1
124,"['viper', 'omen']",205,0.38,205.1,136.6,14,348,37,0.07,0.10,54,30,76,1.14,396,0.73,30,LEV,kiNgg,1.08,544,NA,STAGE 1
125,"['killjoy', 'viper', 'cypher']",119,0.20,221.8,147.8,19,400,59,0.10,0.11,63,24,72,1.15,458,0.78,28,G2,leaf,1.08,584,NA,STAGE 1
126,"['jett', 'raze']",47,0.16,243.4,154.0,19,213,44,0.15,0.23,67,23,72,1.10,234,0.81,23,SEN,zekken,1.08,289,NA,STAGE 1
127,"['fade', 'sova', 'viper']",189,0.32,195.5,131.5,20,376,46,0.08,0.08,47,28,72,1.05,395,0.68,29,G2,trent,1.08,584,NA,STAGE 1
128,"['sova', 'viper']",102,0.27,187.7,133.8,18,244,23,0.06,0.08,29,35,73,1.08,263,0.69,21,C9,runi,1.07,383,NA,STAGE 1
129,"['cypher', 'viper']",56,0.21,205.2,140.3,12,164,17,0.07,0.06,16,28,72,1.16,190,0.73,25,LOUD,Less,1.07,261,NA,STAGE 1
130,"['killjoy', 'viper', 'brimstone']",75,0.26,184.0,128.8,18,183,25,0.09,0.07,20,21,72,0.99,182,0.63,23,SEN,Zellsis,1.05,289,NA,STAGE 1
131,"['killjoy', 'cypher', 'viper']",86,0.20,189.4,130.5,13,262,24,0.06,0.06,27,26,73,1.09,286,0.68,22,KRÜ,Shyy,1.04,420,NA,STAGE 1
132,"['harbor', 'breach', 'kayo']",216,0.40,209.5,134.2,15,389,56,0.10,0.07,37,29,74,1.02,395,0.73,26,LEV,Mazino,1.03,544,NA,STAGE 1
133,"['sage', 'skye', 'kayo']",183,0.48,190.3,124.1,21,268,27,0.07,0.07,28,27,77,0.93,248,0.65,26,C9,Xeppaa,1.02,383,NA,STAGE 1
134,"['omen', 'viper']",119,0.28,174.0,119.9,15,263,34,0.08,0.08,33,32,71,1.00,263,0.63,22,KRÜ,Melser,1.02,420,NA,STAGE 1
135,"['viper', 'killjoy', 'breach']",104,0.37,199.7,132.5,12,195,18,0.06,0.05,15,32,69,0.98,192,0.69,24,EG,NaturE,1.01,280,NA,STAGE 1
136,"['yoru', 'kayo', 'omen']",112,0.43,191.1,122.0,17,175,25,0.10,0.07,17,21,72,0.96,168,0.65,19,NRG,Ethan,1.01,260,NA,STAGE 1
137,"['sova', 'gekko', 'skye']",69,0.27,182.3,118.8,21,171,16,0.06,0.04,11,35,72,1.03,176,0.68,24,NRG,crashies,1.01,260,NA,STAGE 1
138,"['killjoy', 'cypher']",71,0.19,176.5,120.3,14,233,23,0.06,0.07,25,24,72,1.04,243,0.63,21,C9,moose,1.00,383,NA,STAGE 1
139,"['viper', 'kayo', 'breach']",262,0.45,183.6,118.9,10,401,51,0.09,0.05,32,27,74,0.89,356,0.61,20,G2,JonahP,1.00,584,NA,STAGE 1
140,"['viper', 'omen', 'brimstone']",92,0.35,166.3,110.9,13,172,17,0.07,0.06,15,33,70,0.91,157,0.60,17,LOUD,tuyz,0.98,261,NA,STAGE 1
141,"['sova', 'breach', 'kayo']",84,0.32,201.8,129.9,18,189,20,0.08,0.10,26,27,74,0.95,179,0.69,21,LOUD,cauanzin,0.97,261,NA,STAGE 1
142,"['cypher', 'raze', 'brimstone']",44,0.17,212.9,139.4,,193,24,0.09,0.12,31,27,67,1.01,195,0.75,30,NRG,Victor,0.96,260,NA,STAGE 1
143,"['killjoy', 'cypher', 'sage']",95,0.17,184.8,122.4,12,363,63,0.12,0.11,59,35,71,0.97,352,0.65,25,LEV,tex,0.96,544,NA,STAGE 1
144,"['jett', 'raze', 'brimstone']",52,0.20,204.4,139.6,12,199,44,0.17,0.16,42,36,71,0.91,182,0.70,21,NRG,Demon1,0.95,260,NA,STAGE 1
145,"['fade', 'sova', 'skye']",76,0.27,183.2,124.6,20,194,12,0.04,0.05,13,33,68,0.95,184,0.66,26,EG,Derrek,0.95,280,NA,STAGE 1
146,"['viper', 'omen', 'cypher']",63,0.24,189.6,125.3,27,182,28,0.11,0.08,22,28,67,0.93,170,0.65,21,NRG,Marved,0.95,260,NA,STAGE 1
147,"['skye', 'kayo', 'sova']",62,0.28,191.6,125.7,11,163,6,0.03,0.03,6,26,67,0.94,153,0.68,23,FUR,nzr,0.94,224,NA,STAGE 1
148,"['gekko', 'skye', 'fade']",86,0.30,161.9,111.0,12,187,21,0.07,0.06,18,32,71,0.90,168,0.58,22,SEN,Sacy,0.94,289,NA,STAGE 1
149,"['sova', 'viper', 'fade']",158,0.29,160.8,109.2,15,368,40,0.07,0.09,49,22,71,0.80,293,0.54,22,LEV,C0M,0.92,544,NA,STAGE 1
150,"['raze', 'jett']",41,0.15,217.4,146.2,14,218,40,0.14,0.16,46,20,63,0.94,205,0.73,29,EG,jawgemo,0.92,280,NA,STAGE 1
151,"['raze', 'gekko', 'yoru']",110,0.19,187.0,125.3,15,434,90,0.15,0.14,81,26,68,0.89,385,0.66,26,G2,icy,0.91,584,NA,STAGE 1
152,"['viper', 'gekko', 'sova']",121,0.29,177.7,116.7,15,302,34,0.08,0.11,48,25,73,0.82,249,0.59,18,KRÜ,Klaus,0.90,420,NA,STAGE 1
153,"['viper', 'omen', 'brimstone']",144,0.38,163.9,107.3,15,275,39,0.10,0.08,30,22,73,0.79,217,0.57,20,C9,vanity,0.90,383,NA,STAGE 1
154,"['killjoy', 'cypher', 'viper']",42,0.21,186.1,126.4,14,155,27,0.14,0.08,16,26,65,0.84,130,0.65,25,MIBR,frz,0.89,200,NA,STAGE 1
155,"['kayo', 'sova', 'breach']",88,0.34,193.2,130.9,13,194,34,0.13,0.09,23,26,67,0.84,163,0.62,23,LOUD,saadhak,0.89,261,NA,STAGE 1
156,"['omen', 'viper']",82,0.29,184.2,122.5,7,208,32,0.11,0.11,31,37,69,0.87,180,0.64,23,EG,supamen,0.87,280,NA,STAGE 1
157,"['killjoy', 'gekko', 'cypher']",94,0.21,169.5,110.7,26,318,56,0.12,0.09,39,24,70,0.87,278,0.61,22,100T,Boostio,0.87,457,NA,STAGE 1
158,"['cypher', 'harbor', 'astra']",58,0.21,174.5,119.0,17,201,42,0.15,0.11,31,37,61,0.84,168,0.60,22,EG,Apoth,0.84,280,NA,STAGE 1
159,"['jett', 'raze', 'sage']",37,0.19,204.2,137.0,11,170,35,0.18,0.14,27,26,62,0.82,139,0.70,20,MIBR,artzin,0.84,200,NA,STAGE 1
160,"['omen', 'killjoy', 'cypher']",56,0.25,164.4,112.4,21,164,20,0.09,0.04,9,29,69,0.77,127,0.57,17,FUR,Khalil,0.82,224,NA,STAGE 1
161,"['sova', 'skye', 'raze']",40,0.20,196.2,135.7,19,164,22,0.11,0.14,28,32,66,0.83,136,0.68,19,MIBR,jzz,0.82,200,NA,STAGE 1
162,"['jett', 'phoenix', 'raze']",28,0.11,172.8,111.9,6,198,53,0.20,0.15,40,23,61,0.79,156,0.60,19,LOUD,Quick,0.80,261,NA,STAGE 1
163,"['harbor', 'omen', 'brimstone']",56,0.28,156.2,105.6,19,157,8,0.04,0.06,12,27,64,0.73,114,0.57,21,MIBR,RgLMeister,0.77,200,NA,STAGE 1
164,"['raze', 'omen', 'jett']",46,0.21,191.5,125.1,,191,39,0.17,0.10,22,20,63,0.77,148,0.66,23,FUR,mwzera,0.75,224,NA,STAGE 1
165,"['viper', 'kayo']",55,0.25,154.4,102.2,13,172,29,0.13,0.07,16,27,64,0.69,118,0.53,14,FUR,kon4n,0.72,224,NA,STAGE 1
166,"['killjoy', 'gekko', 'kayo']",37,0.17,178.3,124.4,23,188,49,0.22,0.13,28,39,59,0.72,136,0.61,20,FUR,havoc,0.71,224,NA,STAGE 1
167,"['viper', 'kayo', 'skye']",70,0.35,127.6,83.9,10,154,18,0.09,0.04,7,26,61,0.55,84,0.42,12,MIBR,mazin,0.66,200,NA,STAGE 1
168,"['jett', 'raze']",42,0.19,256.6,163.3,15,163,38,0.17,0.25,56,28,75,1.24,202,0.90,27,TS,Jremy,1.19,225,PACIFIC,KICKOFF
169,"['kayo', 'viper', 'sage']",84,0.37,211.7,144.7,5,144,13,0.06,0.07,16,29,76,1.26,181,0.80,28,TS,invy,1.18,225,PACIFIC,KICKOFF
170,"['harbor', 'chamber', 'cypher']",35,0.21,233.6,149.8,,110,6,0.04,0.08,13,29,74,1.23,135,0.83,29,T1,xccurate,1.17,163,PACIFIC,KICKOFF
171,"['viper', 'killjoy', 'cypher']",20,0.16,228.5,152.0,29,81,8,0.07,0.06,7,36,75,1.25,101,0.83,26,TLN,JitBoyS,1.16,122,PACIFIC,KICKOFF
172,"['omen', 'viper', 'brimstone']",55,0.41,207.8,141.6,6,85,3,0.02,0.10,13,31,84,1.16,99,0.74,21,DRX,MaKo,1.16,133,PACIFIC,KICKOFF
173,"['yoru', 'jett', 'gekko']",47,0.25,224.7,143.6,6,137,21,0.11,0.17,33,22,77,1.12,153,0.80,23,PRX,something,1.16,191,PACIFIC,KICKOFF
174,"['jett', 'raze']",69,0.16,250.8,164.3,22,301,62,0.14,0.16,70,29,73,1.29,388,0.90,33,GEN,t3xture,1.15,429,PACIFIC,KICKOFF
175,"['neon', 'jett', 'raze']",28,0.23,247.0,153.3,20,89,26,0.21,0.19,23,17,70,1.16,103,0.84,25,TLN,Governor,1.12,122,PACIFIC,KICKOFF
176,"['viper', 'astra', 'omen']",168,0.39,199.2,132.3,19,272,23,0.05,0.08,33,36,77,1.12,304,0.71,23,GEN,Karon,1.12,429,PACIFIC,KICKOFF
177,['viper'],48,0.29,213.4,129.5,24,103,9,0.06,0.07,12,19,79,1.14,117,0.72,23,T1,Rossy,1.12,163,PACIFIC,KICKOFF
178,"['jett', 'raze']",13,0.08,215.1,143.2,15,104,22,0.13,0.21,34,29,74,1.29,134,0.82,36,T1,Sayaplayer,1.10,163,PACIFIC,KICKOFF
179,"['yoru', 'omen', 'raze']",62,0.38,203.1,134.7,13,109,18,0.11,0.10,17,30,74,1.07,117,0.72,27,T1,iZu,1.07,163,PACIFIC,KICKOFF
180,"['raze', 'yoru']",15,0.17,253.5,163.4,20,68,14,0.16,0.21,18,26,70,1.10,75,0.87,21,DFM,Meiy,1.07,86,PACIFIC,KICKOFF
181,"['killjoy', 'cypher']",21,0.16,200.3,139.5,9,85,17,0.13,0.07,9,36,68,1.20,102,0.77,21,DRX,Flashback,1.07,133,PACIFIC,KICKOFF
182,"['viper', 'skye', 'sage']",85,0.45,195.9,138.0,23,131,13,0.07,0.05,9,31,73,0.99,130,0.68,21,PRX,d4v41,1.07,191,PACIFIC,KICKOFF
183,"['sova', 'omen', 'viper']",48,0.25,189.4,129.4,29,127,8,0.04,0.04,7,28,69,1.04,132,0.69,29,PRX,mindfreak,1.07,191,PACIFIC,KICKOFF
184,"['viper', 'omen']",47,0.39,177.8,123.9,21,73,10,0.08,0.08,10,24,77,1.05,77,0.63,28,BLD,sScary,1.06,122,PACIFIC,KICKOFF
185,"['sova', 'skye']",81,0.36,186.7,125.8,18,137,17,0.08,0.06,14,26,74,1.05,144,0.64,18,TS,JessieVash,1.06,225,PACIFIC,KICKOFF
186,"['skye', 'killjoy', 'cypher']",28,0.23,208.4,132.2,24,85,7,0.06,0.08,10,26,75,1.07,91,0.75,27,BLD,Egoist,1.05,122,PACIFIC,KICKOFF
187,"['viper', 'omen']",106,0.47,191.3,123.1,10,149,16,0.07,0.11,24,21,72,0.99,148,0.66,24,TS,BORKUM,1.05,225,PACIFIC,KICKOFF
188,"['fade', 'sova', 'breach']",39,0.29,174.3,115.6,12,81,7,0.05,0.08,10,32,70,1.09,88,0.66,22,DRX,stax,1.04,133,PACIFIC,KICKOFF
189,"['jett', 'raze']",17,0.13,236.3,146.6,15,101,16,0.12,0.13,18,30,68,1.17,118,0.87,25,RRQ,Jemkin,1.03,136,PACIFIC,KICKOFF
190,"['raze', 'yoru', 'jett']",38,0.29,234.7,148.6,14,104,12,0.09,0.17,23,23,79,1.01,105,0.79,22,DRX,BuZz,1.03,133,PACIFIC,KICKOFF
191,"['killjoy', 'jett', 'cypher']",60,0.14,222.0,146.6,9,299,37,0.09,0.11,49,28,72,1.15,345,0.80,24,GEN,Meteor,1.03,429,PACIFIC,KICKOFF
192,"['viper', 'jett', 'kayo']",30,0.23,200.7,122.4,8,89,18,0.14,0.16,21,31,74,1.08,96,0.72,21,DRX,Foxy9,1.03,133,PACIFIC,KICKOFF
193,"['raze', 'jett']",26,0.12,245.0,154.0,5,159,39,0.18,0.22,46,27,67,1.16,184,0.87,27,ZETA,Dep,1.02,212,PACIFIC,KICKOFF
194,"['cypher', 'killjoy']",49,0.22,178.6,125.9,22,138,20,0.09,0.05,11,21,78,1.04,143,0.64,23,TS,NDG,1.00,225,PACIFIC,KICKOFF
195,"['harbor', 'cypher', 'kayo']",51,0.27,220.3,139.9,10,144,23,0.12,0.13,24,29,73,1.05,151,0.79,33,PRX,f0rsakeN,1.00,191,PACIFIC,KICKOFF
196,"['kayo', 'viper']",164,0.38,187.5,124.7,13,288,43,0.10,0.09,38,21,72,0.98,283,0.66,27,GEN,Munchkin,0.98,429,PACIFIC,KICKOFF
197,"['viper', 'astra', 'harbor']",50,0.37,200.3,128.8,26,100,11,0.08,0.08,11,30,72,0.96,96,0.71,22,RRQ,xffero,0.98,136,PACIFIC,KICKOFF
198,"['sova', 'skye', 'fade']",41,0.30,176.3,114.2,,93,11,0.08,0.05,7,30,67,0.89,83,0.61,19,RRQ,Estrella,0.97,136,PACIFIC,KICKOFF
199,"['yoru', 'kayo', 'skye']",42,0.34,195.5,119.9,14,88,11,0.09,0.12,15,26,73,0.91,80,0.66,22,TLN,ban,0.96,122,PACIFIC,KICKOFF
200,"['gekko', 'sova', 'fade']",33,0.22,187.9,129.2,7,100,13,0.09,0.05,8,29,68,0.97,97,0.65,24,GE,blaZek1ng,0.96,149,PACIFIC,KICKOFF
201,"['harbor', 'raze']",27,0.22,222.4,145.1,18,95,16,0.13,0.17,21,21,72,0.98,93,0.76,29,BLD,Deryeon,0.96,122,PACIFIC,KICKOFF
202,"['viper', 'sova', 'breach']",68,0.32,192.5,128.8,5,153,17,0.08,0.09,19,27,72,0.91,139,0.66,20,ZETA,yuran,0.94,212,PACIFIC,KICKOFF
203,"['skye', 'sova', 'kayo']",68,0.32,179.2,122.2,16,148,24,0.11,0.08,16,30,67,0.91,135,0.64,18,ZETA,hiroronn,0.94,212,PACIFIC,KICKOFF
204,['sova'],41,0.34,162.2,108.8,7,85,9,0.07,0.06,7,17,72,0.72,61,0.50,17,TLN,lenne,0.92,122,PACIFIC,KICKOFF
205,"['cypher', 'killjoy']",34,0.16,180.5,123.1,9,147,15,0.07,0.08,17,25,67,0.93,137,0.65,16,ZETA,Laz,0.92,212,PACIFIC,KICKOFF
206,"['sova', 'fade', 'skye']",52,0.32,180.3,119.0,31,120,17,0.10,0.09,15,22,76,0.81,97,0.60,23,T1,Carpe,0.91,163,PACIFIC,KICKOFF
207,"['brimstone', 'harbor', 'omen']",84,0.40,156.2,105.4,9,140,16,0.08,0.01,3,28,67,0.84,118,0.56,19,ZETA,SugarZ3ro,0.91,212,PACIFIC,KICKOFF
208,"['gekko', 'skye', 'fade']",148,0.34,173.9,115.0,35,306,44,0.10,0.07,30,27,74,0.83,254,0.59,20,GEN,Lakia,0.90,429,PACIFIC,KICKOFF
209,"['omen', 'viper']",29,0.34,169.5,106.7,33,63,7,0.08,0.03,3,36,71,0.84,53,0.62,17,DFM,SSeeS,0.90,86,PACIFIC,KICKOFF
210,"['cypher', 'killjoy', 'viper']",20,0.13,171.6,113.9,17,101,15,0.10,0.03,4,25,63,0.88,89,0.60,26,GE,Benkai,0.89,149,PACIFIC,KICKOFF
211,"['gekko', 'viper', 'omen']",38,0.28,164.5,103.4,18,99,13,0.10,0.06,8,28,69,0.78,77,0.57,18,RRQ,fl1pzjder,0.88,136,PACIFIC,KICKOFF
212,"['killjoy', 'cypher']",9,0.10,177.0,122.7,7,64,7,0.08,0.12,10,39,60,0.84,54,0.63,19,DFM,Medusa,0.88,86,PACIFIC,KICKOFF
213,"['sova', 'breach', 'skye']",34,0.28,175.0,113.5,,91,12,0.10,0.09,11,31,61,0.73,66,0.54,17,BLD,crazyguy,0.85,122,PACIFIC,KICKOFF
214,"['raze', 'jett']",21,0.14,197.3,136.0,,121,30,0.20,0.23,35,21,63,0.78,94,0.63,16,GE,Polvi,0.84,149,PACIFIC,KICKOFF
215,"['omen', 'raze']",50,0.26,175.8,120.4,16,152,34,0.18,0.10,19,21,70,0.75,114,0.60,20,PRX,Monyet,0.83,191,PACIFIC,KICKOFF
216,"['kayo', 'gekko', 'breach']",49,0.33,163.4,102.0,11,107,14,0.09,0.07,11,32,66,0.79,84,0.56,17,GE,Russ,0.82,149,PACIFIC,KICKOFF
217,"['killjoy', 'cypher', 'chamber']",18,0.13,184.5,123.7,13,107,27,0.20,0.10,14,33,64,0.83,89,0.65,20,RRQ,Lmemore,0.82,136,PACIFIC,KICKOFF
218,"['neon', 'skye', 'viper']",30,0.25,167.8,115.0,14,91,16,0.13,0.08,10,28,67,0.80,73,0.60,27,BLD,yay,0.81,122,PACIFIC,KICKOFF
219,"['viper', 'harbor']",19,0.22,171.8,114.9,7,67,10,0.12,0.05,4,27,62,0.75,50,0.58,14,DFM,neth,0.81,86,PACIFIC,KICKOFF
220,"['viper', 'omen']",33,0.22,153.4,104.5,13,110,9,0.06,0.06,9,38,64,0.73,80,0.54,14,GE,Lightningfast,0.78,149,PACIFIC,KICKOFF
221,"['skye', 'sova']",40,0.47,138.5,102.2,20,67,8,0.09,0.06,5,28,67,0.57,38,0.44,13,DFM,Anthem,0.75,86,PACIFIC,KICKOFF
222,"['harbor', 'omen', 'astra']",35,0.29,129.2,86.9,9,84,12,0.10,0.03,4,23,67,0.68,57,0.47,13,TLN,Crws,0.74,122,PACIFIC,KICKOFF
223,"['killjoy', 'sage', 'viper']",157,0.36,212.6,141.4,18,267,28,0.06,0.08,37,27,78,1.22,326,0.75,25,PRX,d4v41,1.19,436,PACIFIC,STAGE 2
224,"['chamber', 'sage', 'jett']",32,0.12,227.2,145.5,11,167,29,0.11,0.18,48,27,75,1.37,228,0.85,24,T1,Sayaplayer,1.18,268,PACIFIC,STAGE 2
225,"['omen', 'viper', 'brimstone']",204,0.43,207.5,134.0,15,299,24,0.05,0.09,44,36,79,1.24,372,0.78,28,GEN,Karon,1.17,480,PACIFIC,STAGE 2
226,"['kayo', 'breach', 'skye']",203,0.47,228.3,147.0,7,296,39,0.09,0.10,42,29,78,1.18,349,0.80,22,PRX,f0rsakeN,1.17,436,PACIFIC,STAGE 2
227,"['kayo', 'breach', 'viper']",145,0.50,200.9,133.1,11,189,17,0.06,0.07,21,27,75,1.10,207,0.71,24,TS,invy,1.12,290,PACIFIC,STAGE 2
228,"['viper', 'kayo']",264,0.55,193.0,126.5,10,298,41,0.09,0.09,42,20,78,1.01,302,0.63,34,GEN,Munchkin,1.11,480,PACIFIC,STAGE 2
229,"['raze', 'jett']",79,0.16,229.6,148.3,14,329,69,0.14,0.21,99,27,70,1.20,394,0.82,27,GEN,t3xture,1.10,480,PACIFIC,STAGE 2
230,"['gekko', 'jett', 'raze']",60,0.18,218.3,144.0,27,214,41,0.13,0.13,41,30,78,1.22,261,0.80,27,RRQ,Jemkin,1.10,328,PACIFIC,STAGE 2
231,"['jett', 'raze', 'neon']",87,0.15,241.5,153.2,29,434,95,0.16,0.17,98,21,69,1.15,498,0.84,33,DRX,BuZz,1.09,590,PACIFIC,STAGE 2
232,"['jett', 'gekko', 'fade']",84,0.19,207.2,134.1,15,296,50,0.11,0.16,69,29,72,1.11,329,0.75,20,PRX,something,1.08,436,PACIFIC,STAGE 2
233,"['omen', 'viper']",100,0.34,196.2,126.0,25,187,22,0.08,0.08,24,30,73,1.08,202,0.70,20,TS,2ge,1.08,290,PACIFIC,STAGE 2
234,"['raze', 'cypher', 'iso']",51,0.19,253.8,167.5,6,196,38,0.14,0.16,44,23,75,1.20,236,0.88,26,T1,iZu,1.08,268,PACIFIC,STAGE 2
235,"['clove', 'kayo', 'astra']",148,0.25,220.5,141.9,20,418,46,0.08,0.11,63,29,70,1.09,455,0.77,25,DRX,Flashback,1.08,590,PACIFIC,STAGE 2
236,"['viper', 'gekko', 'sova']",34,0.25,205.7,138.7,13,85,10,0.07,0.07,10,33,73,1.15,98,0.72,29,T1,Rossy,1.08,136,PACIFIC,STAGE 2
237,"['skye', 'fade', 'breach']",146,0.54,197.6,125.4,13,169,14,0.05,0.03,9,30,78,1.07,181,0.68,20,T1,stax,1.07,268,PACIFIC,STAGE 2
238,"['sage', 'raze', 'iso']",125,0.29,224.4,144.8,13,308,52,0.12,0.15,65,21,73,1.10,339,0.78,28,PRX,Jinggg,1.07,436,PACIFIC,STAGE 2
239,"['omen', 'viper', 'brimstone']",104,0.44,206.4,132.8,8,158,9,0.04,0.06,15,27,78,1.08,170,0.72,21,BLD,sScary,1.07,236,PACIFIC,STAGE 2
240,"['killjoy', 'omen', 'viper']",86,0.26,220.1,145.8,20,224,29,0.09,0.08,27,31,74,1.13,253,0.77,30,RRQ,xffero,1.07,328,PACIFIC,STAGE 2
241,"['killjoy', 'cypher', 'skye']",90,0.31,199.7,132.4,18,197,21,0.07,0.08,22,34,74,1.08,213,0.73,25,TS,Wild0reoo,1.06,290,PACIFIC,STAGE 2
242,"['cypher', 'killjoy']",92,0.19,207.1,135.5,7,311,40,0.08,0.10,47,29,72,1.15,358,0.75,27,GEN,Meteor,1.06,480,PACIFIC,STAGE 2
243,"['skye', 'fade', 'sova']",167,0.35,183.0,123.9,21,295,39,0.08,0.08,36,26,74,1.03,305,0.64,24,GEN,Lakia,1.05,480,PACIFIC,STAGE 2
244,"['jett', 'raze', 'neon']",34,0.14,252.9,165.3,10,203,45,0.18,0.22,56,25,72,1.12,227,0.91,32,DFM,Meiy,1.05,250,PACIFIC,STAGE 2
245,"['jett', 'raze', 'neon']",57,0.20,218.8,144.2,,206,58,0.20,0.20,57,25,72,1.03,213,0.73,23,TS,Jremy,1.04,290,PACIFIC,STAGE 2
246,"['viper', 'omen', 'neon']",125,0.38,211.5,141.5,20,245,44,0.13,0.12,38,31,73,0.98,240,0.73,28,RRQ,Monyet,1.02,328,PACIFIC,STAGE 2
247,"['kayo', 'breach', 'omen']",159,0.48,166.8,108.3,7,198,21,0.06,0.05,18,31,77,0.97,192,0.59,23,RRQ,Estrella,1.02,328,PACIFIC,STAGE 2
248,"['clove', 'jett', 'iso']",24,0.20,254.5,174.1,27,101,15,0.13,0.16,19,45,69,1.06,107,0.91,28,TLN,primmie,1.02,118,PACIFIC,STAGE 2
249,"['viper', 'omen']",92,0.32,203.4,133.5,5,205,19,0.07,0.04,11,37,73,1.01,207,0.73,21,ZETA,SugarZ3ro,1.01,284,PACIFIC,STAGE 2
250,"['sova', 'cypher', 'killjoy']",67,0.23,187.5,125.3,18,188,25,0.09,0.09,25,25,70,0.99,187,0.64,19,TS,JessieVash,1.01,290,PACIFIC,STAGE 2
251,"['viper', 'omen']",144,0.33,167.7,108.4,13,261,28,0.06,0.06,26,37,75,1.03,270,0.62,20,PRX,mindfreak,1.01,436,PACIFIC,STAGE 2
252,"['viper', 'omen', 'astra']",130,0.33,200.6,131.7,7,281,32,0.08,0.07,28,38,72,1.01,283,0.71,24,TLN,JitBoyS,1.00,398,PACIFIC,STAGE 2
253,"['viper', 'omen', 'breach']",225,0.38,190.6,125.4,17,410,61,0.10,0.08,47,29,71,0.93,382,0.65,21,DRX,MaKo,1.00,590,PACIFIC,STAGE 2
254,"['sova', 'chamber', 'skye']",78,0.24,199.9,134.5,19,228,39,0.12,0.09,30,33,68,1.00,229,0.70,33,RRQ,Lmemore,1.00,328,PACIFIC,STAGE 2
255,"['sova', 'breach', 'killjoy']",64,0.36,161.0,115.7,17,120,9,0.05,0.02,3,28,72,0.81,97,0.54,17,GE,Benkai,0.99,180,PACIFIC,STAGE 2
256,"['killjoy', 'cypher', 'skye']",83,0.29,199.8,133.5,16,196,28,0.10,0.08,23,37,66,1.05,205,0.72,23,ZETA,Laz,0.99,284,PACIFIC,STAGE 2
257,"['gekko', 'viper', 'sova']",57,0.43,195.3,125.8,8,93,11,0.08,0.12,16,25,80,0.97,90,0.68,20,T1,Carpe,0.98,132,PACIFIC,STAGE 2
258,"['cypher', 'killjoy', 'viper']",28,0.16,184.1,122.9,15,131,13,0.07,0.06,11,33,66,0.92,120,0.67,18,GE,blaZek1ng,0.97,180,PACIFIC,STAGE 2
259,"['viper', 'omen']",98,0.39,177.3,114.3,13,178,22,0.09,0.07,17,38,68,0.86,153,0.61,21,DFM,SSeeS,0.96,250,PACIFIC,STAGE 2
260,"['jett', 'neon']",42,0.23,230.0,153.2,20,149,40,0.22,0.21,38,26,67,0.96,143,0.79,22,GE,Polvi,0.95,180,PACIFIC,STAGE 2
261,"['jett', 'gekko', 'breach']",56,0.20,171.9,111.1,,186,19,0.07,0.05,15,36,69,0.91,170,0.61,19,TLN,Surf,0.95,280,PACIFIC,STAGE 2
262,"['harbor', 'kayo', 'breach']",109,0.44,171.6,110.0,16,180,16,0.06,0.04,9,27,74,0.80,144,0.58,18,DFM,neth,0.94,250,PACIFIC,STAGE 2
263,"['killjoy', 'cypher']",42,0.18,188.0,126.0,21,171,12,0.05,0.05,12,27,66,0.96,164,0.69,22,BLD,Retla,0.92,236,PACIFIC,STAGE 2
264,"['kayo', 'deadlock', 'viper']",80,0.34,167.5,106.3,13,163,24,0.10,0.08,20,34,69,0.85,139,0.59,20,BLD,Zest,0.91,236,PACIFIC,STAGE 2
265,"['kayo', 'gekko', 'sova']",159,0.27,161.6,109.5,24,407,47,0.08,0.06,34,26,71,0.79,322,0.55,27,DRX,BeYN,0.91,590,PACIFIC,STAGE 2
266,"['jett', 'raze', 'neon']",35,0.15,210.1,136.3,15,185,53,0.22,0.20,47,28,66,0.94,174,0.74,24,BLD,Deryeon,0.90,236,PACIFIC,STAGE 2
267,"['killjoy', 'cypher']",36,0.14,180.4,124.6,19,177,27,0.11,0.08,21,26,68,0.92,162,0.65,22,DFM,Medusa,0.89,250,PACIFIC,STAGE 2
268,"['omen', 'raze', 'jett']",55,0.19,219.4,145.8,9,224,47,0.17,0.22,62,27,69,0.94,211,0.74,24,ZETA,Dep,0.89,284,PACIFIC,STAGE 2
269,"['kayo', 'raze', 'neon']",93,0.23,193.5,126.9,21,308,65,0.16,0.17,68,25,70,0.89,275,0.69,26,TLN,Governor,0.89,398,PACIFIC,STAGE 2
270,"['killjoy', 'cypher', 'kayo']",209,0.35,165.0,110.7,12,416,56,0.09,0.07,42,32,70,0.82,340,0.58,21,DRX,Foxy9,0.89,590,PACIFIC,STAGE 2
271,"['gekko', 'breach', 'sova']",110,0.28,168.9,117.9,11,270,31,0.08,0.04,16,21,68,0.83,224,0.56,21,TLN,Crws,0.87,398,PACIFIC,STAGE 2
272,"['killjoy', 'cypher', 'jett']",76,0.19,183.1,126.5,9,297,44,0.11,0.11,44,35,65,0.88,260,0.65,23,TLN,ban,0.87,398,PACIFIC,STAGE 2
273,"['kayo', 'fade']",94,0.52,177.0,116.7,19,143,18,0.10,0.12,22,34,72,0.75,107,0.59,20,GE,Russ,0.87,180,PACIFIC,STAGE 2
274,"['gekko', 'sova', 'cypher']",67,0.24,176.2,121.2,21,202,28,0.10,0.09,25,28,69,0.85,172,0.61,20,ZETA,hiroronn,0.86,284,PACIFIC,STAGE 2
275,"['omen', 'viper', 'brimstone']",108,0.40,160.5,106.9,24,188,27,0.10,0.04,12,22,73,0.79,148,0.55,20,T1,xccurate,0.86,268,PACIFIC,STAGE 2
276,"['kayo', 'breach', 'viper']",148,0.52,153.5,101.7,4,211,27,0.10,0.05,14,25,71,0.67,142,0.50,20,ZETA,yuran,0.84,284,PACIFIC,STAGE 2
277,"['sova', 'fade', 'deadlock']",77,0.33,166.1,116.2,10,177,28,0.12,0.07,16,21,68,0.71,125,0.53,19,BLD,crazyguy,0.84,236,PACIFIC,STAGE 2
278,"['sova', 'gekko', 'deadlock']",53,0.21,160.3,105.4,8,189,25,0.10,0.05,12,23,73,0.74,140,0.56,20,DFM,Anthem,0.83,250,PACIFIC,STAGE 2
279,"['omen', 'sage']",59,0.33,151.9,92.4,17,138,13,0.07,0.07,13,30,69,0.74,102,0.57,18,GE,Lightningfast,0.80,180,PACIFIC,STAGE 2
280,"['jett', 'reyna', 'gekko']",109,0.22,229.9,145.5,13,334,61,0.12,0.20,99,27,76,1.22,406,0.82,25,PRX,something,1.17,494,PACIFIC,STAGE 1
281,"['skye', 'killjoy', 'omen']",206,0.42,210.8,136.3,10,311,29,0.06,0.09,43,31,81,1.17,364,0.74,22,PRX,d4v41,1.17,494,PACIFIC,STAGE 1
282,"['viper', 'omen']",130,0.35,216.8,147.2,15,237,35,0.09,0.09,34,31,76,1.19,281,0.76,21,DRX,MaKo,1.16,372,PACIFIC,STAGE 1
283,"['jett', 'raze']",31,0.13,236.4,151.5,13,165,39,0.16,0.14,33,33,75,1.26,208,0.85,26,RRQ,Jemkin,1.14,244,PACIFIC,STAGE 1
284,"['omen', 'sova', 'yoru']",144,0.39,199.7,132.2,19,233,22,0.06,0.05,20,29,79,1.16,270,0.73,25,DRX,BeYN,1.14,372,PACIFIC,STAGE 1
285,"['raze', 'sage']",119,0.24,234.3,154.4,18,345,45,0.09,0.13,65,21,77,1.17,402,0.81,24,PRX,Jinggg,1.13,494,PACIFIC,STAGE 1
286,"['chamber', 'killjoy', 'viper']",46,0.15,212.8,142.0,4,196,24,0.08,0.15,44,26,71,1.16,227,0.76,22,ZETA,Laz,1.13,299,PACIFIC,STAGE 1
287,"['raze', 'jett', 'omen']",107,0.17,235.3,153.7,17,437,84,0.13,0.21,130,27,72,1.20,526,0.84,28,GEN,t3xture,1.12,627,PACIFIC,STAGE 1
288,"['breach', 'viper', 'kayo']",188,0.49,206.8,137.2,13,268,18,0.05,0.06,24,34,77,1.05,282,0.74,25,TS,invy,1.11,382,PACIFIC,STAGE 1
289,"['raze', 'jett']",78,0.20,247.3,158.0,20,282,92,0.24,0.23,89,22,75,1.12,315,0.82,30,TS,Jremy,1.10,382,PACIFIC,STAGE 1
290,"['phoenix', 'jett', 'neon']",66,0.22,234.6,152.4,25,222,46,0.15,0.15,44,28,72,1.10,245,0.82,29,ZETA,Dep,1.09,299,PACIFIC,STAGE 1
291,"['omen', 'brimstone', 'viper']",181,0.37,193.3,126.3,10,309,31,0.06,0.05,27,32,77,1.12,347,0.70,26,PRX,mindfreak,1.08,494,PACIFIC,STAGE 1
292,"['cypher', 'harbor', 'kayo']",174,0.35,195.5,131.1,17,319,56,0.11,0.08,39,32,78,1.11,354,0.72,25,PRX,f0rsakeN,1.07,494,PACIFIC,STAGE 1
293,"['viper', 'kayo', 'skye']",278,0.44,195.5,129.5,23,402,61,0.10,0.07,41,25,74,1.02,411,0.66,22,GEN,Munchkin,1.07,627,PACIFIC,STAGE 1
294,"['omen', 'brimstone', 'harbor']",96,0.33,220.4,143.3,11,206,21,0.07,0.09,27,25,75,1.11,228,0.78,26,BLD,sScary,1.07,294,PACIFIC,STAGE 1
295,"['cypher', 'killjoy']",77,0.21,191.4,126.4,22,229,29,0.08,0.07,27,32,74,1.17,269,0.72,24,DRX,Foxy9,1.06,372,PACIFIC,STAGE 1
296,"['omen', 'viper', 'brimstone']",263,0.42,188.6,119.5,14,412,49,0.08,0.07,42,30,73,1.02,420,0.67,25,GEN,Karon,1.06,627,PACIFIC,STAGE 1
297,"['viper', 'gekko', 'sova']",95,0.32,202.7,138.6,17,204,27,0.09,0.07,20,27,68,1.00,204,0.68,19,ZETA,yuran,1.05,299,PACIFIC,STAGE 1
298,"['omen', 'harbor', 'viper']",114,0.34,199.4,134.3,22,226,27,0.08,0.08,28,37,73,1.09,246,0.73,29,TLN,JitBoyS,1.05,339,PACIFIC,STAGE 1
299,"['sova', 'skye', 'fade']",56,0.23,221.6,149.3,14,183,27,0.11,0.11,26,35,67,1.05,192,0.79,30,RRQ,Lmemore,1.05,244,PACIFIC,STAGE 1
300,"['omen', 'viper', 'astra']",130,0.43,194.3,121.9,15,202,22,0.07,0.05,16,33,77,1.01,205,0.69,24,ZETA,SugarZ3ro,1.04,299,PACIFIC,STAGE 1
301,"['viper', 'kayo', 'skye']",215,0.40,201.2,132.2,17,370,40,0.08,0.07,39,26,74,1.00,369,0.69,22,T1,Rossy,1.03,531,PACIFIC,STAGE 1
302,"['raze', 'jett']",54,0.15,230.8,147.4,14,271,70,0.19,0.18,67,23,73,1.07,290,0.78,25,DRX,BuZz,1.03,372,PACIFIC,STAGE 1
303,"['omen', 'viper']",124,0.32,186.8,120.6,21,258,21,0.05,0.08,29,23,72,0.97,251,0.66,19,TS,BORKUM,1.03,382,PACIFIC,STAGE 1
304,"['omen', 'sage', 'viper']",113,0.37,209.1,137.1,15,214,24,0.08,0.09,26,33,72,1.01,217,0.72,24,GE,Lightningfast,1.02,302,PACIFIC,STAGE 1
305,"['fade', 'kayo', 'sova']",180,0.48,173.9,109.1,11,246,38,0.10,0.08,30,26,73,0.88,216,0.58,17,DRX,stax,1.00,372,PACIFIC,STAGE 1
306,"['raze', 'jett', 'gekko']",59,0.20,211.8,141.1,13,224,51,0.17,0.18,55,22,70,0.98,220,0.73,22,GE,Polvi,0.99,302,PACIFIC,STAGE 1
307,"['raze', 'yoru']",45,0.16,238.3,155.2,8,227,52,0.18,0.19,54,26,67,1.04,236,0.83,29,DFM,Meiy,0.99,284,PACIFIC,STAGE 1
308,"['sova', 'skye', 'breach']",119,0.31,191.2,128.7,14,262,24,0.06,0.07,26,27,70,0.99,259,0.68,26,TS,JessieVash,0.98,382,PACIFIC,STAGE 1
309,"['cypher', 'killjoy']",33,0.14,200.6,127.8,15,166,19,0.08,0.09,23,31,70,1.05,174,0.71,23,RRQ,xffero,0.98,244,PACIFIC,STAGE 1
310,"['sova', 'gekko', 'fade']",41,0.45,177.3,112.4,6,63,6,0.07,0.09,8,18,75,0.83,52,0.57,15,TLN,lenne,0.98,91,PACIFIC,STAGE 1
311,"['gekko', 'kayo', 'fade']",95,0.31,192.3,124.1,24,212,27,0.09,0.08,25,41,72,0.99,210,0.70,21,GE,Russ,0.97,302,PACIFIC,STAGE 1
312,"['sova', 'viper', 'omen']",84,0.28,194.2,131.1,11,208,21,0.07,0.12,36,30,71,0.96,200,0.66,22,GE,blaZek1ng,0.97,302,PACIFIC,STAGE 1
313,"['killjoy', 'cypher', 'jett']",105,0.17,210.7,141.0,9,456,55,0.09,0.13,82,32,68,1.02,467,0.74,24,GEN,Meteor,0.97,627,PACIFIC,STAGE 1
314,"['viper', 'skye', 'kayo']",81,0.24,207.8,137.0,7,243,40,0.12,0.13,43,33,66,1.05,254,0.75,26,TLN,ban,0.96,339,PACIFIC,STAGE 1
315,"['raze', 'jett', 'neon']",90,0.17,209.7,139.0,14,407,86,0.16,0.17,92,26,70,0.96,390,0.73,25,T1,Sayaplayer,0.95,531,PACIFIC,STAGE 1
316,"['fade', 'sova', 'gekko']",227,0.36,169.1,116.7,13,419,49,0.08,0.05,33,26,73,0.86,361,0.58,19,GEN,Lakia,0.95,627,PACIFIC,STAGE 1
317,"['chamber', 'harbor', 'killjoy']",91,0.17,186.3,123.3,10,371,47,0.09,0.08,41,27,70,1.00,372,0.70,21,T1,xccurate,0.94,531,PACIFIC,STAGE 1
318,"['raze', 'jett', 'neon']",52,0.15,199.2,133.3,20,240,56,0.17,0.16,55,24,68,1.00,239,0.71,22,TLN,Governor,0.94,339,PACIFIC,STAGE 1
319,"['omen', 'skye', 'yoru']",180,0.34,184.7,121.3,24,395,64,0.12,0.09,49,27,70,0.88,347,0.65,26,T1,iZu,0.93,531,PACIFIC,STAGE 1
320,"['fade', 'gekko', 'sova']",76,0.26,175.6,116.6,11,202,21,0.07,0.05,16,26,69,0.90,181,0.62,24,BLD,Zest,0.93,294,PACIFIC,STAGE 1
321,"['cypher', 'killjoy']",87,0.23,186.4,122.7,7,277,21,0.05,0.10,37,24,70,0.92,254,0.66,22,TS,NDG,0.93,382,PACIFIC,STAGE 1
322,"['killjoy', 'viper', 'cypher']",46,0.19,169.6,119.2,10,163,17,0.07,0.08,20,38,68,0.90,146,0.59,23,TLN,Surf,0.92,248,PACIFIC,STAGE 1
323,"['fade', 'gekko', 'kayo']",92,0.27,159.4,108.0,16,221,23,0.07,0.04,15,26,69,0.86,190,0.56,23,TLN,Crws,0.92,339,PACIFIC,STAGE 1
324,"['fade', 'gekko', 'sova']",173,0.33,169.4,112.5,8,380,40,0.08,0.06,33,26,72,0.85,322,0.61,24,T1,Carpe,0.91,531,PACIFIC,STAGE 1
325,"['kayo', 'fade', 'gekko']",101,0.36,159.0,109.3,13,197,22,0.08,0.04,12,25,69,0.81,160,0.56,20,DFM,Anthem,0.90,284,PACIFIC,STAGE 1
326,"['viper', 'omen']",79,0.39,157.4,105.8,9,140,14,0.07,0.05,11,27,75,0.79,110,0.54,15,RRQ,Estrella,0.89,204,PACIFIC,STAGE 1
327,"['viper', 'cypher', 'killjoy']",60,0.20,163.9,108.1,14,189,22,0.07,0.05,16,25,73,0.89,169,0.57,16,BLD,Retla,0.88,294,PACIFIC,STAGE 1
328,"['omen', 'viper']",97,0.34,151.1,97.5,10,198,17,0.06,0.05,13,31,70,0.78,155,0.55,18,DFM,SSeeS,0.88,284,PACIFIC,STAGE 1
329,"['viper', 'killjoy', 'cypher']",49,0.16,166.4,118.4,2,200,20,0.07,0.06,17,24,69,0.89,177,0.59,20,GE,Benkai,0.88,302,PACIFIC,STAGE 1
330,"['sova', 'kayo', 'gekko']",116,0.39,164.6,104.1,16,220,37,0.12,0.06,19,32,73,0.76,167,0.56,20,ZETA,hiroronn,0.87,299,PACIFIC,STAGE 1
331,"['killjoy', 'breach', 'kayo']",80,0.27,170.2,112.2,3,217,27,0.09,0.08,24,30,72,0.80,173,0.59,18,BLD,Deryeon,0.86,294,PACIFIC,STAGE 1
332,"['raze', 'jett', 'yoru']",49,0.17,190.4,126.2,25,225,66,0.22,0.19,55,23,67,0.83,187,0.64,20,BLD,yay,0.86,294,PACIFIC,STAGE 1
333,"['viper', 'omen']",78,0.27,187.2,122.2,8,204,38,0.13,0.10,29,31,71,0.87,178,0.63,19,DFM,Medusa,0.85,284,PACIFIC,STAGE 1
334,"['yoru', 'viper', 'gekko']",70,0.29,156.2,108.0,22,178,29,0.12,0.08,20,27,66,0.74,132,0.54,23,RRQ,fl1pzjder,0.82,244,PACIFIC,STAGE 1
335,"['cypher', 'killjoy']",56,0.20,160.9,108.5,12,204,32,0.11,0.06,16,24,66,0.79,162,0.57,23,DFM,neth,0.79,284,PACIFIC,STAGE 1
336,"['omen', 'viper']",4,0.10,122.0,81.6,,27,3,0.08,0.00,0,29,68,0.70,19,0.48,10,RRQ,2ge,0.71,40,PACIFIC,STAGE 1
337,"['sova', 'raze', 'cypher']",98,0.29,253.2,,,240,0,,,0,,,1.18,283,0.84,40,TE,FengF,,336,CHINA,KICKOFF
338,"['sova', 'fade', 'skye']",61,0.30,191.4,,,143,0,,,0,,,0.88,126,0.62,19,BLG,Biank,,202,CHINA,KICKOFF
339,"['breach', 'kayo', 'gekko']",67,0.44,195.9,,,103,0,,,0,,,1.04,107,0.71,21,DRG,Nicc,,151,CHINA,KICKOFF
340,"['neon', 'jett', 'raze']",30,0.20,205.9,,,126,0,,,0,,,0.79,99,0.66,21,DRG,TvirusLuke,,151,CHINA,KICKOFF
341,"['cypher', 'killjoy']",42,0.28,248.9,,,112,0,,,0,,,1.18,132,0.87,27,DRG,vo0kashu,,151,CHINA,KICKOFF
342,"['sova', 'skye', 'viper']",45,0.30,160.1,,,107,0,,,0,,,0.77,82,0.54,18,DRG,Dingwei,,151,CHINA,KICKOFF
343,"['omen', 'viper', 'brimstone']",57,0.38,192.1,,,102,0,,,0,,,1.06,108,0.72,22,DRG,nizhaoTZH,,151,CHINA,KICKOFF
344,"['sova', 'kayo']",27,0.31,161.0,,,61,0,,,0,,,0.75,46,0.53,13,AG,sword9,,86,CHINA,KICKOFF
345,"['omen', 'viper']",29,0.34,240.5,,,64,0,,,0,,,1.17,75,0.87,28,AG,bunt,,86,CHINA,KICKOFF
346,"['breach', 'killjoy', 'harbor']",16,0.19,189.3,,,69,0,,,0,,,0.83,57,0.66,18,AG,monk,,86,CHINA,KICKOFF
347,"['raze', 'reyna']",15,0.17,188.5,,,66,0,,,0,,,0.83,55,0.64,19,AG,deLb,,86,CHINA,KICKOFF
348,"['cypher', 'jett', 'killjoy']",14,0.16,176.5,,,68,0,,,0,,,0.84,57,0.66,21,AG,Spitfires,,86,CHINA,KICKOFF
349,"['jett', 'raze']",38,0.19,244.8,,,149,0,,,0,,,1.15,172,0.85,25,BLG,whzy,,202,CHINA,KICKOFF
350,"['kayo', 'killjoy', 'breach']",72,0.36,223.2,,,136,0,,,0,,,1.15,157,0.78,24,BLG,Knight,,202,CHINA,KICKOFF
351,"['raze', 'jett']",45,0.15,197.2,,,225,0,,,0,,,0.92,206,0.69,28,TEC,Abo,,297,CHINA,KICKOFF
352,"['killjoy', 'viper', 'cypher']",60,0.30,222.3,,,130,0,,,0,,,1.20,156,0.77,28,BLG,Yosemite,,202,CHINA,KICKOFF
353,"['omen', 'harbor', 'brimstone']",88,0.44,132.4,,,129,0,,,0,,,0.74,95,0.47,14,BLG,B3ar,,202,CHINA,KICKOFF
354,"['kayo', 'viper', 'yoru']",55,0.35,216.0,,,112,0,,,0,,,1.04,117,0.75,21,WOL,pl1xx,,157,CHINA,KICKOFF
355,"['jett', 'omen', 'raze']",33,0.21,201.0,,,106,0,,,0,,,1.05,111,0.71,26,WOL,Spring,,157,CHINA,KICKOFF
356,"['omen', 'killjoy', 'skye']",60,0.38,189.1,,,104,0,,,0,,,0.99,103,0.66,17,WOL,aluba,,157,CHINA,KICKOFF
357,"['sova', 'viper']",34,0.22,183.4,,,97,0,,,0,,,1.12,109,0.69,21,WOL,coldfish,,157,CHINA,KICKOFF
358,"['cypher', 'raze']",47,0.30,211.0,,,112,0,,,0,,,1.01,113,0.72,19,WOL,Yuicaw,,157,CHINA,KICKOFF
359,"['cypher', 'omen', 'viper']",74,0.35,151.7,,,140,0,,,0,,,0.79,111,0.53,20,EDG,Haodong,,211,CHINA,KICKOFF
360,"['kayo', 'jett', 'raze']",47,0.22,267.8,,,164,0,,,0,,,1.15,189,0.90,30,EDG,ZmjjKK,,211,CHINA,KICKOFF
361,"['sova', 'skye']",53,0.25,213.2,,,146,0,,,0,,,1.09,159,0.75,27,EDG,nobody,,211,CHINA,KICKOFF
362,"['brimstone', 'viper', 'cypher']",49,0.23,211.9,,,145,0,,,0,,,1.11,161,0.76,24,EDG,CHICHOO,,211,CHINA,KICKOFF
363,"['omen', 'brimstone', 'viper']",113,0.38,193.7,,,211,0,,,0,,,0.98,207,0.70,30,TEC,kawaii,,297,CHINA,KICKOFF
364,"['viper', 'sova']",80,0.27,181.6,,,215,0,,,0,,,0.86,184,0.62,25,TEC,LockM,,297,CHINA,KICKOFF
365,"['omen', 'viper']",130,0.39,205.1,,,232,0,,,0,,,1.03,240,0.71,27,TE,Flex1n,,336,CHINA,KICKOFF
366,"['raze', 'phoenix', 'jett']",45,0.18,215.5,,,170,0,,,0,,,1.09,186,0.74,25,FPX,Autumn,,250,CHINA,KICKOFF
367,"['killjoy', 'sova', 'skye']",108,0.32,189.5,,,218,0,,,0,,,1.03,224,0.67,24,TE,YOU,,336,CHINA,KICKOFF
368,"['kayo', 'breach', 'brimstone']",148,0.44,190.1,,,217,0,,,0,,,1.02,221,0.66,20,TE,heybay,,336,CHINA,KICKOFF
369,"['jett', 'cypher', 'killjoy']",52,0.15,221.7,,,220,0,,,0,,,1.26,277,0.82,31,TE,Kai,,336,CHINA,KICKOFF
370,['omen'],24,0.30,208.5,,,60,0,,,0,,,1.02,61,0.75,23,TYL,LuoK1ng,,81,CHINA,KICKOFF
371,"['phoenix', 'raze']",31,0.38,232.3,,,61,0,,,0,,,1.03,63,0.78,22,TYL,Ninebody,,81,CHINA,KICKOFF
372,"['cypher', 'kayo', 'viper']",25,0.31,208.5,,,63,0,,,0,,,0.89,56,0.69,23,TYL,ICEKING,,81,CHINA,KICKOFF
373,"['jett', 'cypher']",15,0.19,173.0,,,65,0,,,0,,,0.83,54,0.67,19,TYL,AAK,,81,CHINA,KICKOFF
374,"['sova', 'gekko', 'skye']",21,0.26,152.5,,,66,0,,,0,,,0.62,41,0.51,13,TYL,hfmi0dzjc9z7,,81,CHINA,KICKOFF
375,"['gekko', 'sova', 'fade']",51,0.20,216.6,,,174,0,,,0,,,1.16,201,0.80,26,FPX,AAAAY,,250,CHINA,KICKOFF
376,"['omen', 'harbor', 'astra']",84,0.34,185.8,,,165,0,,,0,,,1.00,165,0.66,26,FPX,BerLIN,,250,CHINA,KICKOFF
377,"['viper', 'cypher']",63,0.25,169.4,,,159,0,,,0,,,0.92,147,0.59,20,FPX,Lysoar,,250,CHINA,KICKOFF
378,"['chamber', 'yoru', 'jett']",43,0.17,235.5,,,184,0,,,0,,,1.14,209,0.84,28,FPX,Life,,250,CHINA,KICKOFF
379,"['fade', 'cypher', 'killjoy']",70,0.24,233.9,,,209,0,,,0,,,1.20,250,0.84,29,TEC,Rb,,297,CHINA,KICKOFF
380,"['killjoy', 'jett', 'raze']",16,0.13,156.3,,,97,0,,,0,,,0.69,67,0.54,25,NOVA,PangH,,124,CHINA,KICKOFF
381,"['raze', 'breach', 'viper']",34,0.27,186.7,,,99,0,,,0,,,0.87,86,0.69,23,NOVA,o0o0o,,124,CHINA,KICKOFF
382,['omen'],42,0.34,162.8,,,93,0,,,0,,,0.75,70,0.56,18,NOVA,OBONE,,124,CHINA,KICKOFF
383,"['breach', 'fade', 'sova']",47,0.38,173.7,,,94,0,,,0,,,0.73,69,0.56,17,NOVA,CB,,124,CHINA,KICKOFF
384,"['jett', 'neon', 'killjoy']",27,0.22,243.3,,,99,0,,,0,,,1.03,102,0.82,29,NOVA,GuanG,,124,CHINA,KICKOFF
385,"['raze', 'jett']",30,0.18,265.9,,,115,0,,,0,,,1.32,152,0.93,35,JDG,stew,,163,CHINA,KICKOFF
386,"['viper', 'sova']",38,0.23,214.1,,,101,0,,,0,,,1.21,122,0.75,22,JDG,Viva,,163,CHINA,KICKOFF
387,"['fade', 'skye', 'viper']",38,0.23,180.6,,,120,0,,,0,,,0.87,104,0.64,21,JDG,jkuro,,163,CHINA,KICKOFF
388,"['astra', 'brimstone', 'harbor']",57,0.35,155.9,,,111,0,,,0,,,0.82,91,0.56,22,JDG,YiHao,,163,CHINA,KICKOFF
389,"['killjoy', 'viper']",22,0.13,199.1,,,117,0,,,0,,,0.93,109,0.67,22,JDG,MarT1n,,163,CHINA,KICKOFF
390,"['killjoy', 'skye', 'harbor']",90,0.30,166.4,,,229,0,,,0,,,0.74,170,0.57,23,TEC,QiuYe,,297,CHINA,KICKOFF
391,"['raze', 'breach', 'kayo']",97,0.46,188.2,,,140,0,,,0,,,0.99,139,0.66,20,EDG,Smoggy,,211,CHINA,KICKOFF
392,"['jett', 'viper', 'fade']",52,0.19,212.5,141.5,,194,46,0.17,0.16,42,,,1.07,208,0.77,28,TEC,Abo,,269,CHINA,STAGE 2
393,"['cypher', 'viper', 'yoru']",149,0.25,201.6,135.1,,420,36,0.06,0.10,59,,,1.02,430,0.72,28,FPX,Autumn,,599,CHINA,STAGE 2
394,"['cypher', 'omen', 'sova']",52,0.27,252.0,162.8,,135,12,0.06,0.15,28,,,1.33,180,0.93,30,DRG,vo0kashu,,193,CHINA,STAGE 2
395,"['sova', 'killjoy']",32,0.17,181.9,126.8,,148,24,0.12,0.07,13,,,0.80,119,0.62,19,DRG,Shion7,,193,CHINA,STAGE 2
396,"['omen', 'viper']",91,0.47,155.3,103.0,,135,15,0.08,0.04,8,,,0.78,105,0.54,20,DRG,nizhaoTZH,,193,CHINA,STAGE 2
397,"['kayo', 'viper', 'breach']",105,0.46,158.8,106.9,,169,21,0.09,0.06,14,,,0.73,124,0.54,20,NOVA,o0o0o,,230,CHINA,STAGE 2
398,"['omen', 'astra', 'viper']",81,0.35,184.0,118.1,,158,20,0.09,0.05,12,,,0.93,147,0.64,21,NOVA,Ezeir,,230,CHINA,STAGE 2
399,"['sova', 'fade', 'phoenix']",74,0.32,187.3,130.4,,159,27,0.12,0.07,16,,,0.95,151,0.66,26,NOVA,CB,,230,CHINA,STAGE 2
400,"['cypher', 'killjoy', 'chamber']",52,0.23,209.0,146.3,,162,18,0.08,0.13,30,,,1.10,179,0.78,28,NOVA,GuanG,,230,CHINA,STAGE 2
401,"['jett', 'raze']",36,0.16,222.6,143.5,,182,44,0.19,0.13,30,,,0.97,176,0.77,22,NOVA,SWERL,,230,CHINA,STAGE 2
402,"['breach', 'gekko', 'sova']",192,0.32,192.1,130.1,,404,34,0.06,0.06,33,,,1.03,417,0.70,23,FPX,AAAAY,,599,CHINA,STAGE 2
403,"['kayo', 'astra', 'viper']",236,0.39,186.7,124.8,,421,66,0.11,0.08,50,,,0.89,375,0.63,19,FPX,BerLIN,,599,CHINA,STAGE 2
404,"['omen', 'killjoy', 'cypher']",220,0.37,196.6,129.3,,398,30,0.05,0.05,32,,,1.03,408,0.68,25,FPX,Lysoar,,599,CHINA,STAGE 2
405,"['jett', 'raze', 'yoru']",82,0.14,217.7,136.3,,449,130,0.22,0.22,129,,,1.00,450,0.75,26,FPX,Life,,599,CHINA,STAGE 2
406,"['kayo', 'fade', 'breach']",94,0.49,172.1,116.2,,136,21,0.11,0.04,7,,,0.84,114,0.59,18,DRG,Nicc,,193,CHINA,STAGE 2
407,"['killjoy', 'raze']",91,0.18,217.4,150.5,,350,61,0.12,0.14,69,,,1.09,382,0.77,30,TE,FengF,,493,CHINA,STAGE 2
408,"['breach', 'viper', 'brimstone']",214,0.43,166.2,108.5,,345,28,0.06,0.06,30,,,0.83,288,0.58,25,TE,heybay,,493,CHINA,STAGE 2
409,"['jett', 'killjoy', 'cypher']",94,0.19,220.1,142.4,,355,62,0.13,0.15,75,,,1.12,399,0.81,28,TE,Kai,,493,CHINA,STAGE 2
410,"['omen', 'viper', 'brimstone']",185,0.38,179.3,113.3,,348,34,0.07,0.06,29,,,0.91,316,0.64,22,TE,LuoK1ng,,493,CHINA,STAGE 2
411,"['sova', 'fade', 'skye']",155,0.31,198.8,125.9,,359,57,0.12,0.10,48,,,0.93,333,0.68,22,TE,Biank,,493,CHINA,STAGE 2
412,"['cypher', 'fade', 'kayo']",25,0.38,123.3,82.1,,49,8,0.12,0.06,4,,,0.53,26,0.39,11,EDG,Haodong,,66,CHINA,STAGE 2
413,"['raze', 'jett', 'neon']",88,0.22,259.4,162.8,,288,74,0.19,0.21,82,,,1.25,359,0.91,30,EDG,ZmjjKK,,394,CHINA,STAGE 2
414,"['skye', 'sova', 'gekko']",128,0.32,203.2,136.3,,278,42,0.11,0.10,38,,,0.99,274,0.70,21,EDG,nobody,,394,CHINA,STAGE 2
415,"['viper', 'brimstone', 'killjoy']",110,0.28,203.6,131.6,,254,23,0.06,0.05,19,,,1.16,295,0.75,21,EDG,CHICHOO,,394,CHINA,STAGE 2
416,"['omen', 'raze', 'viper']",122,0.31,201.1,135.2,,257,42,0.11,0.08,33,,,1.09,279,0.71,21,EDG,Smoggy,,394,CHINA,STAGE 2
417,"['viper', 'neon', 'gekko']",40,0.19,194.8,132.4,,157,21,0.10,0.06,13,,,0.96,150,0.72,21,TYL,Eren,,209,CHINA,STAGE 2
418,"['breach', 'fade', 'kayo']",135,0.41,173.4,115.6,,211,16,0.05,0.04,13,,,1.00,210,0.64,20,EDG,S1Mon,,328,CHINA,STAGE 2
419,"['jett', 'neon']",50,0.26,225.6,146.7,,156,27,0.14,0.20,38,,,0.90,140,0.73,24,DRG,TvirusLuke,,193,CHINA,STAGE 2
420,"['breach', 'gekko', 'viper']",68,0.35,160.9,107.4,,116,8,0.04,0.04,7,,,0.98,114,0.58,18,WOL,SiuFatBB,,197,CHINA,STAGE 2
421,"['killjoy', 'cypher']",16,0.17,172.8,121.4,,65,6,0.07,0.07,6,,,0.86,56,0.61,18,TEC,kawaii,,92,CHINA,STAGE 2
422,"['gekko', 'sova', 'fade']",68,0.26,185.8,119.9,,184,29,0.11,0.06,15,,,0.92,169,0.64,18,AG,sword9,,263,CHINA,STAGE 2
423,"['sova', 'fade', 'breach']",86,0.32,163.2,110.8,,180,16,0.06,0.04,10,,,0.83,150,0.56,20,TEC,LockM,,269,CHINA,STAGE 2
424,"['kayo', 'raze', 'neon']",63,0.23,227.7,147.3,,214,49,0.18,0.13,35,,,0.99,211,0.78,30,TEC,Rb,,269,CHINA,STAGE 2
425,"['viper', 'omen', 'brimstone']",117,0.43,210.2,133.4,,185,19,0.07,0.06,16,,,1.08,199,0.74,21,TEC,AC,,269,CHINA,STAGE 2
426,"['jett', 'raze', 'neon']",34,0.13,230.5,151.8,,166,41,0.15,0.16,42,,,1.36,226,0.85,27,JDG,stew,,267,CHINA,STAGE 2
427,"['viper', 'sova', 'gekko']",76,0.28,218.2,140.0,,157,15,0.06,0.09,25,,,1.31,206,0.77,21,JDG,Viva,,267,CHINA,STAGE 2
428,"['killjoy', 'cypher']",61,0.23,175.7,119.8,,192,28,0.10,0.12,31,,,0.86,166,0.62,22,JDG,jkuro,,267,CHINA,STAGE 2
429,"['kayo', 'omen', 'viper']",99,0.37,212.2,136.6,,184,19,0.07,0.09,25,,,1.09,200,0.75,22,JDG,Z1yan,,267,CHINA,STAGE 2
430,"['deadlock', 'fade', 'omen']",99,0.37,203.2,127.9,,179,20,0.07,0.08,21,,,1.02,183,0.69,19,JDG,YHchen,,267,CHINA,STAGE 2
431,"['omen', 'viper']",90,0.34,182.0,117.6,,179,18,0.07,0.09,23,,,0.96,171,0.65,20,AG,bunt,,263,CHINA,STAGE 2
432,"['breach', 'kayo', 'deadlock']",133,0.51,194.5,125.9,,196,13,0.05,0.07,18,,,0.88,173,0.66,22,AG,monk,,263,CHINA,STAGE 2
433,"['cypher', 'killjoy']",46,0.17,182.0,122.3,,177,15,0.06,0.06,16,,,1.01,179,0.68,22,AG,deLb,,263,CHINA,STAGE 2
434,"['raze', 'jett']",37,0.14,229.1,149.0,,203,48,0.18,0.25,67,,,1.03,210,0.80,25,AG,Spitfires,,263,CHINA,STAGE 2
435,"['gekko', 'jett', 'raze']",59,0.24,251.6,165.3,,183,37,0.15,0.21,53,,,1.19,217,0.87,26,TYL,Ninebody,,249,CHINA,STAGE 2
436,"['gekko', 'brimstone', 'cypher']",74,0.38,254.0,167.5,,140,14,0.07,0.14,27,,,1.29,181,0.92,28,WOL,Yuicaw,,197,CHINA,STAGE 2
437,['viper'],7,0.18,162.5,109.0,,31,5,0.13,0.05,2,,,0.68,21,0.53,14,TYL,AAK,,40,CHINA,STAGE 2
438,"['kayo', 'skye', 'breach']",126,0.51,164.7,109.4,,182,22,0.09,0.08,19,,,0.77,140,0.56,21,TYL,Scales,,249,CHINA,STAGE 2
439,"['sage', 'killjoy', 'cypher']",58,0.23,186.2,131.1,,176,27,0.11,0.07,17,,,0.93,163,0.65,22,TYL,hfmi0dzjc9z7,,249,CHINA,STAGE 2
440,"['omen', 'sova', 'brimstone']",77,0.31,182.3,118.9,,174,12,0.05,0.08,19,,,0.93,161,0.65,20,TYL,coldfish,,249,CHINA,STAGE 2
441,"['chamber', 'raze', 'jett']",77,0.21,225.5,146.2,,278,63,0.17,0.21,77,,,1.06,296,0.80,26,BLG,whzy,,370,CHINA,STAGE 2
442,"['sage', 'cypher', 'sova']",150,0.41,197.6,132.2,,252,27,0.07,0.07,26,,,1.00,251,0.68,23,BLG,Knight,,370,CHINA,STAGE 2
443,"['raze', 'viper', 'killjoy']",108,0.29,206.0,140.0,,265,33,0.09,0.09,32,,,0.99,263,0.71,31,BLG,Yosemite,,370,CHINA,STAGE 2
444,"['omen', 'brimstone', 'harbor']",185,0.50,187.1,118.0,,229,31,0.08,0.06,22,,,1.05,241,0.65,23,BLG,Flex1n,,370,CHINA,STAGE 2
445,"['gekko', 'skye', 'kayo']",170,0.46,202.5,128.5,,266,26,0.07,0.09,33,,,0.97,259,0.70,23,BLG,nephh,,370,CHINA,STAGE 2
446,"['sage', 'fade', 'yoru']",79,0.40,194.9,127.7,,139,13,0.07,0.07,14,,,0.94,130,0.66,18,WOL,pl1xx,,197,CHINA,STAGE 2
447,"['raze', 'jett', 'killjoy']",45,0.23,233.7,157.0,,153,45,0.23,0.21,42,,,1.01,155,0.79,25,WOL,Spring,,197,CHINA,STAGE 2
448,"['omen', 'viper', 'killjoy']",48,0.24,189.4,121.5,,137,12,0.06,0.08,15,,,1.00,137,0.70,23,WOL,aluba,,197,CHINA,STAGE 2
449,"['skye', 'kayo', 'breach']",73,0.41,194.5,118.2,,119,11,0.06,0.07,12,,,1.02,121,0.68,19,TEC,B1ack,,177,CHINA,STAGE 2
450,"['yoru', 'jett', 'raze']",63,0.21,246.8,,,228,0,,,0,,,1.14,261,0.86,24,BLG,whzy,,304,CHINA,STAGE 1
451,"['fade', 'sova', 'skye']",104,0.31,205.7,,,242,0,,,0,,,0.96,232,0.69,24,NOVA,CB,,337,CHINA,STAGE 1
452,"['sova', 'skye', 'gekko']",149,0.28,202.8,,,359,0,,,0,,,1.10,396,0.74,28,EDG,nobody,,538,CHINA,STAGE 1
453,"['killjoy', 'brimstone', 'viper']",130,0.24,193.3,,,347,0,,,0,,,1.12,387,0.72,26,EDG,CHICHOO,,538,CHINA,STAGE 1
454,"['jett', 'raze', 'omen']",191,0.36,202.0,,,333,0,,,0,,,1.20,398,0.74,24,EDG,Smoggy,,538,CHINA,STAGE 1
455,"['jett', 'raze']",55,0.21,206.0,,,195,0,,,0,,,0.98,191,0.72,22,JDG,stew,,267,CHINA,STAGE 1
456,"['sova', 'skye', 'jett']",76,0.28,216.5,,,173,0,,,0,,,1.16,201,0.75,23,JDG,Viva,,267,CHINA,STAGE 1
457,"['kayo', 'gekko', 'skye']",97,0.36,180.8,,,188,0,,,0,,,0.88,165,0.62,19,JDG,YHchen,,267,CHINA,STAGE 1
458,"['omen', 'brimstone']",58,0.47,159.7,,,81,0,,,0,,,0.84,68,0.55,16,JDG,YiHao,,124,CHINA,STAGE 1
459,"['killjoy', 'viper']",64,0.24,194.7,,,187,0,,,0,,,0.94,176,0.66,21,JDG,MarT1n,,267,CHINA,STAGE 1
460,"['raze', 'jett', 'killjoy']",81,0.24,241.7,,,253,0,,,0,,,1.09,277,0.82,28,NOVA,SWERL,,337,CHINA,STAGE 1
461,"['viper', 'breach', 'kayo']",113,0.34,159.3,,,246,0,,,0,,,0.74,183,0.54,19,NOVA,o0o0o,,337,CHINA,STAGE 1
462,"['omen', 'viper', 'astra']",85,0.32,168.8,,,185,0,,,0,,,0.86,160,0.61,20,NOVA,OBONE,,264,CHINA,STAGE 1
463,"['killjoy', 'neon', 'gekko']",55,0.16,187.3,,,234,0,,,0,,,1.00,233,0.69,30,NOVA,GuanG,,337,CHINA,STAGE 1
464,"['omen', 'cypher', 'gekko']",193,0.36,158.2,,,359,0,,,0,,,0.83,299,0.56,20,EDG,Haodong,,538,CHINA,STAGE 1
465,"['raze', 'sova', 'cypher']",76,0.19,243.5,,,278,0,,,0,,,1.16,323,0.83,24,TE,FengF,,391,CHINA,STAGE 1
466,"['omen', 'viper']",148,0.38,193.8,,,280,0,,,0,,,0.93,261,0.67,21,TE,LuoK1ng,,391,CHINA,STAGE 1
467,"['fade', 'killjoy', 'skye']",119,0.30,184.2,,,262,0,,,0,,,0.97,254,0.65,21,TE,YOU,,391,CHINA,STAGE 1
468,"['viper', 'kayo', 'yoru']",148,0.38,186.0,,,279,0,,,0,,,0.90,250,0.64,22,TE,heybay,,391,CHINA,STAGE 1
469,"['killjoy', 'jett', 'cypher']",81,0.21,207.5,,,268,0,,,0,,,1.12,299,0.76,25,TE,Kai,,391,CHINA,STAGE 1
470,"['fade', 'gekko', 'astra']",95,0.23,197.1,,,272,0,,,0,,,1.12,305,0.74,23,FPX,AAAAY,,412,CHINA,STAGE 1
471,"['omen', 'astra', 'sova']",162,0.39,184.9,,,283,0,,,0,,,0.89,252,0.61,27,FPX,BerLIN,,412,CHINA,STAGE 1
472,"['killjoy', 'omen', 'viper']",118,0.29,214.9,,,246,0,,,0,,,1.35,332,0.81,29,FPX,Lysoar,,412,CHINA,STAGE 1
473,"['viper', 'yoru', 'jett']",132,0.32,214.2,,,267,0,,,0,,,1.18,315,0.76,21,FPX,Autumn,,412,CHINA,STAGE 1
474,"['yoru', 'raze', 'jett']",105,0.25,246.3,,,311,0,,,0,,,1.11,345,0.84,28,FPX,Life,,412,CHINA,STAGE 1
475,"['yoru', 'harbor', 'brimstone']",43,0.30,218.6,,,100,0,,,0,,,1.20,120,0.84,24,JDG,jkuro,,143,CHINA,STAGE 1
476,"['fade', 'skye', 'killjoy']",34,0.24,149.9,,,102,0,,,0,,,0.75,76,0.54,18,BLG,Levius,,142,CHINA,STAGE 1
477,"['kayo', 'raze', 'jett']",127,0.24,282.7,,,391,0,,,0,,,1.35,529,0.98,30,EDG,ZmjjKK,,538,CHINA,STAGE 1
478,"['raze', 'cypher']",48,0.15,215.4,,,238,0,,,0,,,0.99,235,0.75,27,AG,Spitfires,,313,CHINA,STAGE 1
479,"['gekko', 'sova', 'fade']",124,0.41,173.0,,,208,0,,,0,,,0.86,178,0.59,27,BLG,Biank,,304,CHINA,STAGE 1
480,"['cypher', 'yoru', 'gekko']",58,0.19,213.4,,,227,0,,,0,,,1.02,231,0.76,30,WOL,Yuicaw,,302,CHINA,STAGE 1
481,"['cypher', 'killjoy', 'omen']",68,0.22,197.3,,,203,0,,,0,,,1.05,213,0.70,22,BLG,Knight,,304,CHINA,STAGE 1
482,"['viper', 'cypher']",82,0.27,209.7,,,207,0,,,0,,,1.08,223,0.73,25,BLG,Yosemite,,304,CHINA,STAGE 1
483,"['brimstone', 'harbor', 'omen']",64,0.40,137.6,,,107,0,,,0,,,0.72,77,0.48,12,BLG,B3ar,,162,CHINA,STAGE 1
484,"['viper', 'reyna', 'sova']",60,0.24,200.4,,,184,0,,,0,,,0.95,174,0.68,23,TYL,Eren,,255,CHINA,STAGE 1
485,"['skye', 'killjoy', 'fade']",101,0.40,158.5,,,188,0,,,0,,,0.75,141,0.55,17,TYL,ICEKING,,255,CHINA,STAGE 1
486,"['raze', 'jett']",45,0.18,228.8,,,183,0,,,0,,,1.12,205,0.80,24,TYL,AAK,,255,CHINA,STAGE 1
487,"['brimstone', 'viper', 'omen']",106,0.42,192.9,,,161,0,,,0,,,1.04,168,0.66,22,TYL,Flex1n,,255,CHINA,STAGE 1
488,"['cypher', 'gekko', 'killjoy']",58,0.23,220.6,,,168,0,,,0,,,1.18,199,0.78,20,TYL,hfmi0dzjc9z7,,255,CHINA,STAGE 1
489,"['skye', 'fade', 'kayo']",112,0.37,154.3,,,221,0,,,0,,,0.74,163,0.54,20,WOL,pl1xx,,302,CHINA,STAGE 1
490,"['raze', 'jett']",42,0.14,205.8,,,224,0,,,0,,,0.99,222,0.74,25,WOL,Spring,,302,CHINA,STAGE 1
491,"['omen', 'viper', 'killjoy']",103,0.34,197.6,,,233,0,,,0,,,0.91,211,0.70,31,WOL,aluba,,302,CHINA,STAGE 1
492,"['viper', 'sova', 'cypher']",101,0.33,188.9,,,209,0,,,0,,,0.88,183,0.61,24,WOL,coldfish,,302,CHINA,STAGE 1
493,"['raze', 'cypher', 'yoru']",73,0.28,219.1,,,186,0,,,0,,,1.08,201,0.77,33,TEC,Rb,,260,CHINA,STAGE 1
494,"['killjoy', 'cypher', 'yoru']",64,0.20,222.1,,,214,0,,,0,,,1.15,247,0.79,27,AG,deLb,,313,CHINA,STAGE 1
495,"['omen', 'viper', 'killjoy']",76,0.29,193.6,,,182,0,,,0,,,1.00,182,0.70,22,TEC,AC,,260,CHINA,STAGE 1
496,"['viper', 'raze', 'jett']",56,0.22,201.2,,,212,0,,,0,,,0.83,177,0.68,20,TEC,Abo,,260,CHINA,STAGE 1
497,"['cypher', 'brimstone', 'killjoy']",56,0.22,175.4,,,187,0,,,0,,,0.84,158,0.61,24,TEC,kawaii,,260,CHINA,STAGE 1
498,"['skye', 'fade', 'sova']",73,0.28,158.5,,,192,0,,,0,,,0.76,146,0.56,19,TEC,LockM,,260,CHINA,STAGE 1
499,"['sova', 'breach', 'kayo']",212,0.39,186.7,,,362,0,,,0,,,1.03,372,0.68,21,DRG,Nicc,,549,CHINA,STAGE 1
500,"['jett', 'yoru', 'raze']",109,0.20,212.9,,,442,0,,,0,,,0.87,386,0.70,25,DRG,TvirusLuke,,549,CHINA,STAGE 1
501,"['killjoy', 'cypher']",111,0.20,231.6,,,392,0,,,0,,,1.19,467,0.85,30,DRG,vo0kashu,,549,CHINA,STAGE 1
502,"['harbor', 'sova', 'omen']",178,0.32,183.7,,,408,0,,,0,,,0.85,347,0.63,24,DRG,Shion7,,549,CHINA,STAGE 1
503,"['viper', 'omen', 'brimstone']",176,0.32,179.9,,,371,0,,,0,,,0.95,351,0.64,21,DRG,nizhaoTZH,,549,CHINA,STAGE 1
504,"['kayo', 'sova', 'fade']",126,0.40,159.9,,,226,0,,,0,,,0.74,167,0.53,17,AG,sword9,,313,CHINA,STAGE 1
505,"['viper', 'omen', 'brimstone']",103,0.33,189.9,,,212,0,,,0,,,1.02,217,0.69,24,AG,bunt,,313,CHINA,STAGE 1
506,"['harbor', 'breach', 'viper']",106,0.34,185.8,,,227,0,,,0,,,0.89,203,0.65,24,AG,monk,,313,CHINA,STAGE 1
507,['omen'],25,0.34,180.0,,,57,0,,,0,,,0.72,41,0.56,18,NOVA,PangH,,73,CHINA,STAGE 1
508,"['breach', 'omen', 'viper']",92,0.51,216.9,140.5,17,114,13,0.07,0.04,7,30,76,1.23,140,0.77,30,FUT,AtaKaptan,1.22,182,EMEA,KICKOFF
509,"['raze', 'gekko', 'fade']",125,0.33,249.9,166.2,15,269,31,0.08,0.12,47,26,78,1.27,342,0.89,40,KC,N4RRATE,1.21,383,EMEA,KICKOFF
510,"['neon', 'yoru', 'raze']",39,0.19,254.7,165.1,40,151,36,0.17,0.22,45,28,69,1.22,184,0.88,25,TH,MiniBoo,1.19,208,EMEA,KICKOFF
511,"['viper', 'kayo', 'breach']",50,0.57,218.0,140.4,42,54,4,0.05,0.09,8,22,76,1.20,65,0.74,21,FNC,Chronicle,1.15,88,EMEA,KICKOFF
512,"['breach', 'fade', 'skye']",45,0.36,241.3,155.6,13,89,8,0.06,0.08,10,30,71,1.17,104,0.84,22,GX,Cloud,1.15,124,EMEA,KICKOFF
513,"['raze', 'kayo', 'sova']",47,0.32,237.1,156.5,,102,11,0.08,0.10,15,34,72,1.23,125,0.86,25,NAVI,Zyppan,1.14,146,EMEA,KICKOFF
514,"['yoru', 'raze', 'jett']",95,0.25,241.1,156.4,20,266,57,0.15,0.18,70,23,73,1.20,320,0.84,31,KC,marteen,1.14,383,EMEA,KICKOFF
515,"['jett', 'raze', 'yoru']",18,0.11,229.0,150.7,5,107,19,0.12,0.21,33,30,71,1.24,133,0.83,37,TL,Keiko,1.14,160,EMEA,KICKOFF
516,"['kayo', 'jett', 'yoru']",41,0.28,246.0,155.8,20,106,15,0.10,0.14,21,21,74,1.25,132,0.90,28,NAVI,ardiis,1.13,146,EMEA,KICKOFF
517,"['viper', 'omen', 'kayo']",67,0.28,209.2,137.3,14,150,19,0.08,0.11,26,37,68,1.22,183,0.77,27,VIT,Sayf,1.12,238,EMEA,KICKOFF
518,"['yoru', 'raze']",21,0.20,260.8,164.9,14,77,12,0.12,0.15,16,22,66,1.25,96,0.92,26,M8,TakaS,1.11,104,EMEA,KICKOFF
519,"['killjoy', 'viper', 'phoenix']",46,0.25,210.0,143.3,19,116,17,0.09,0.12,22,24,79,1.16,135,0.74,30,FUT,yetujey,1.10,182,EMEA,KICKOFF
520,"['killjoy', 'cypher']",9,0.10,225.5,146.6,11,58,5,0.06,0.13,11,31,74,1.26,73,0.83,24,FNC,Alfajer,1.08,88,EMEA,KICKOFF
521,"['skye', 'sova']",91,0.38,201.3,127.4,23,158,27,0.11,0.05,12,21,72,1.09,173,0.73,26,VIT,Kicks,1.08,238,EMEA,KICKOFF
522,"['omen', 'astra', 'viper']",84,0.40,187.6,125.1,4,136,15,0.07,0.07,15,29,72,1.05,143,0.69,26,TH,Boo,1.07,208,EMEA,KICKOFF
523,"['fade', 'sova', 'skye']",29,0.33,186.8,126.4,,52,4,0.05,0.07,6,22,77,1.13,59,0.67,24,FNC,Leo,1.05,88,EMEA,KICKOFF
524,"['killjoy', 'viper', 'cypher']",42,0.20,214.5,141.7,18,146,18,0.09,0.10,20,35,75,1.09,159,0.76,22,TH,benjyfishy,1.05,208,EMEA,KICKOFF
525,"['brimstone', 'omen', 'viper']",57,0.39,192.7,131.9,10,94,19,0.13,0.05,7,30,73,1.05,99,0.68,20,NAVI,Shao,1.05,146,EMEA,KICKOFF
526,"['raze', 'jett']",63,0.26,227.7,153.2,31,176,37,0.16,0.16,39,19,72,1.03,182,0.76,27,VIT,runneR,1.04,238,EMEA,KICKOFF
527,"['gekko', 'sova', 'breach']",65,0.31,202.4,139.1,18,145,5,0.02,0.10,21,39,75,1.01,146,0.70,24,TH,RieNs,1.02,208,EMEA,KICKOFF
528,"['gekko', 'kayo', 'raze']",78,0.43,201.6,130.5,18,133,14,0.08,0.08,15,25,73,0.89,119,0.65,20,FUT,qRaxs,1.02,182,EMEA,KICKOFF
529,"['viper', 'cypher']",26,0.18,181.6,124.3,20,90,15,0.10,0.04,6,38,71,1.06,95,0.65,17,NAVI,SUYGETSU,1.01,146,EMEA,KICKOFF
530,['omen'],38,0.43,200.3,134.6,,62,9,0.10,0.07,6,28,70,1.03,64,0.73,20,FNC,Boaster,1.01,88,EMEA,KICKOFF
531,"['fade', 'cypher', 'killjoy']",110,0.29,180.0,124.0,17,250,40,0.10,0.08,29,25,73,0.99,247,0.64,25,KC,MAGNUM,1.01,383,EMEA,KICKOFF
532,"['astra', 'omen', 'harbor']",132,0.34,162.2,103.0,15,234,25,0.07,0.05,20,32,75,1.00,235,0.61,19,KC,sh1n,1.01,383,EMEA,KICKOFF
533,"['astra', 'gekko', 'skye']",78,0.43,201.0,129.3,11,129,19,0.10,0.10,19,20,74,0.96,124,0.68,23,FUT,MrFaliN,1.00,182,EMEA,KICKOFF
534,"['cypher', 'sage', 'killjoy']",37,0.30,202.2,137.4,8,87,7,0.06,0.10,13,29,73,0.99,86,0.69,21,GX,nukkye,1.00,124,EMEA,KICKOFF
535,"['viper', 'cypher']",36,0.23,197.9,138.7,8,110,18,0.11,0.07,11,28,71,0.99,109,0.68,28,TL,nAts,1.00,160,EMEA,KICKOFF
536,"['viper', 'brimstone', 'omen']",85,0.36,185.7,115.3,15,161,16,0.07,0.07,17,35,72,0.96,155,0.65,17,KOI,grubinho,1.00,239,EMEA,KICKOFF
537,"['viper', 'kayo']",101,0.49,177.2,116.4,18,145,18,0.09,0.07,15,27,73,0.85,123,0.59,22,TH,paTiTek,0.97,208,EMEA,KICKOFF
538,"['killjoy', 'skye', 'viper']",35,0.22,208.1,138.2,19,116,12,0.08,0.15,24,38,73,0.99,115,0.72,21,TL,Jamppi,0.97,160,EMEA,KICKOFF
539,"['killjoy', 'viper', 'cypher']",43,0.18,163.0,115.2,18,147,11,0.05,0.03,7,26,72,0.97,142,0.59,17,KOI,sheydos,0.97,239,EMEA,KICKOFF
540,"['omen', 'viper']",129,0.34,184.6,128.7,18,264,27,0.07,0.09,36,33,75,0.95,251,0.66,30,KC,tomaszy,0.96,383,EMEA,KICKOFF
541,"['yoru', 'neon', 'chamber']",33,0.18,216.4,141.4,6,136,29,0.16,0.15,27,27,71,1.00,136,0.75,22,FUT,cNed,0.96,182,EMEA,KICKOFF
542,"['cypher', 'killjoy']",16,0.15,173.8,117.9,,63,11,0.11,0.05,5,30,69,0.97,61,0.59,15,M8,logaN,0.96,104,EMEA,KICKOFF
543,"['yoru', 'raze']",46,0.19,212.1,144.1,23,188,51,0.21,0.22,52,24,67,0.91,171,0.72,24,KOI,kamo,0.95,239,EMEA,KICKOFF
544,"['raze', 'phoenix']",18,0.17,216.6,146.2,29,79,23,0.22,0.23,24,27,68,1.00,79,0.76,24,M8,nataNk,0.95,104,EMEA,KICKOFF
545,"['sage', 'brimstone', 'omen']",49,0.31,195.9,130.4,17,121,15,0.09,0.06,9,31,74,0.93,112,0.70,21,TL,Mistic,0.95,160,EMEA,KICKOFF
546,"['harbor', 'skye', 'fade']",78,0.33,189.8,124.3,21,170,28,0.12,0.07,17,24,68,0.94,159,0.67,22,KOI,starxo,0.94,239,EMEA,KICKOFF
547,"['viper', 'killjoy', 'cypher']",23,0.23,210.0,134.7,,75,10,0.10,0.10,10,50,65,0.96,72,0.72,20,BBL,Elite,0.93,100,EMEA,KICKOFF
548,"['skye', 'sova']",34,0.34,197.0,134.9,15,72,4,0.04,0.04,4,25,73,0.92,66,0.66,18,BBL,reazy,0.93,100,EMEA,KICKOFF
549,"['omen', 'viper', 'cypher']",64,0.27,166.6,108.6,21,163,21,0.09,0.10,23,23,68,0.84,137,0.58,23,VIT,ceNder,0.91,238,EMEA,KICKOFF
550,"['sova', 'fade', 'breach']",67,0.28,180.7,116.3,19,175,23,0.10,0.07,16,22,66,0.87,153,0.64,21,KOI,ShadoW,0.90,239,EMEA,KICKOFF
551,"['omen', 'viper']",30,0.29,168.8,111.1,11,71,1,0.01,0.02,2,30,76,0.87,62,0.60,17,M8,Wailers,0.88,104,EMEA,KICKOFF
552,"['cypher', 'killjoy', 'omen']",76,0.32,158.7,111.9,10,166,21,0.09,0.06,14,21,68,0.77,128,0.54,19,VIT,Destrian,0.87,238,EMEA,KICKOFF
553,"['breach', 'kayo']",41,0.41,155.8,96.4,7,78,7,0.07,0.09,9,33,72,0.72,56,0.56,20,BBL,pAura,0.86,100,EMEA,KICKOFF
554,"['raze', 'jett']",16,0.16,210.6,140.2,25,85,22,0.22,0.19,19,26,66,0.85,72,0.72,18,BBL,QutionerX,0.84,100,EMEA,KICKOFF
555,"['raze', 'jett']",7,0.08,188.5,118.6,,68,17,0.19,0.19,17,27,63,0.84,57,0.65,17,FNC,Derke,0.83,88,EMEA,KICKOFF
556,"['breach', 'sova']",51,0.49,129.6,87.4,10,69,5,0.05,0.05,5,30,73,0.62,43,0.41,14,M8,beyAz,0.80,104,EMEA,KICKOFF
557,"['sova', 'gekko', 'skye']",42,0.26,138.1,99.9,,106,9,0.06,0.06,10,21,68,0.69,73,0.46,17,TL,Enzo,0.79,160,EMEA,KICKOFF
558,"['skye', 'breach', 'viper']",45,0.36,159.7,107.7,11,90,17,0.14,0.06,7,23,64,0.73,66,0.53,16,GX,hoody,0.79,124,EMEA,KICKOFF
559,"['brimstone', 'omen', 'viper']",26,0.26,155.2,103.7,27,78,10,0.10,0.05,5,37,67,0.69,54,0.54,17,BBL,Brave,0.79,100,EMEA,KICKOFF
560,"['gekko', 'sova', 'omen']",37,0.25,167.1,114.6,,110,21,0.14,0.11,16,35,62,0.77,85,0.58,21,NAVI,ANGE1,0.77,146,EMEA,KICKOFF
561,['raze'],14,0.11,180.3,120.8,,99,18,0.15,0.11,14,23,62,0.75,74,0.60,21,GX,Fit1nho,0.75,124,EMEA,KICKOFF
562,['omen'],32,0.26,147.7,99.1,19,92,19,0.15,0.09,11,30,64,0.72,66,0.53,22,GX,Redgar,0.74,124,EMEA,KICKOFF
563,"['deadlock', 'skye', 'viper']",163,0.37,216.9,147.7,21,256,22,0.05,0.08,35,27,79,1.29,331,0.75,24,FNC,Chronicle,1.20,439,EMEA,STAGE 2
564,"['omen', 'viper', 'brimstone']",97,0.37,213.7,133.3,6,157,21,0.08,0.07,18,33,75,1.29,203,0.77,27,KOI,grubinho,1.18,262,EMEA,STAGE 2
565,"['fade', 'sova']",241,0.42,226.6,152.7,14,376,40,0.07,0.08,45,19,77,1.16,435,0.76,23,VIT,trexx,1.17,573,EMEA,STAGE 2
566,"['viper', 'cypher', 'killjoy']",50,0.19,207.4,137.1,14,151,14,0.05,0.07,19,25,76,1.34,202,0.77,24,KOI,sheydos,1.17,262,EMEA,STAGE 2
567,"['cypher', 'viper', 'killjoy']",96,0.22,221.7,146.3,12,278,35,0.08,0.10,42,28,74,1.27,354,0.81,26,FNC,Alfajer,1.16,439,EMEA,STAGE 2
568,"['kayo', 'fade', 'iso']",171,0.36,220.9,143.4,16,324,41,0.09,0.13,60,36,77,1.10,358,0.76,26,TH,Wo0t,1.15,474,EMEA,STAGE 2
569,"['neon', 'jett', 'iso']",107,0.19,239.9,155.8,16,398,96,0.17,0.16,91,24,69,1.23,490,0.86,31,VIT,Sayf,1.14,573,EMEA,STAGE 2
570,"['jett', 'raze', 'yoru']",88,0.20,242.7,160.6,22,305,69,0.16,0.17,76,25,74,1.25,382,0.87,26,FNC,Derke,1.14,439,EMEA,STAGE 2
571,"['fade', 'jett', 'gekko']",79,0.32,239.0,156.7,25,178,22,0.09,0.15,36,22,77,1.13,201,0.82,24,KC,N4RRATE,1.12,245,EMEA,STAGE 2
572,"['sova', 'gekko', 'breach']",177,0.37,204.2,134.9,12,301,31,0.07,0.08,36,34,77,1.14,344,0.73,29,TH,RieNs,1.12,474,EMEA,STAGE 2
573,"['sova', 'gekko', 'fade']",147,0.33,194.2,126.7,26,269,39,0.09,0.08,34,31,71,1.16,313,0.71,30,FNC,hiro,1.11,439,EMEA,STAGE 2
574,"['breach', 'omen', 'sova']",165,0.53,181.6,118.2,19,190,22,0.07,0.08,26,25,75,1.03,195,0.63,21,FUT,MrFaliN,1.10,310,EMEA,STAGE 2
575,"['raze', 'sova', 'kayo']",72,0.26,229.1,148.9,37,193,30,0.11,0.12,32,26,72,1.10,212,0.77,21,M8,nataNk,1.08,274,EMEA,STAGE 2
576,"['cypher', 'omen', 'viper']",76,0.28,207.8,132.9,11,182,21,0.08,0.09,25,31,69,1.12,204,0.74,23,M8,K4DAVRA,1.07,274,EMEA,STAGE 2
577,"['cypher', 'killjoy']",81,0.26,200.5,128.2,16,196,23,0.07,0.08,26,25,69,1.12,219,0.71,21,FUT,yetujey,1.06,310,EMEA,STAGE 2
578,"['raze', 'jett']",48,0.15,229.9,155.0,8,228,46,0.15,0.18,57,24,69,1.07,243,0.78,23,FUT,cNed,1.05,310,EMEA,STAGE 2
579,"['cypher', 'viper']",40,0.19,197.4,130.4,13,129,14,0.07,0.09,19,41,69,1.16,149,0.72,20,BBL,Elite,1.05,207,EMEA,STAGE 2
580,"['jett', 'raze', 'neon']",42,0.20,240.7,152.4,8,158,21,0.10,0.21,43,30,71,1.08,170,0.82,28,BBL,QutionerX,1.04,207,EMEA,STAGE 2
581,"['raze', 'neon', 'jett']",62,0.24,249.6,161.3,13,199,50,0.19,0.21,55,26,71,1.09,217,0.83,25,KOI,kamo,1.04,262,EMEA,STAGE 2
582,"['omen', 'brimstone', 'viper']",207,0.44,173.3,112.8,20,301,42,0.09,0.08,37,29,76,0.97,291,0.61,21,TH,Boo,1.04,474,EMEA,STAGE 2
583,"['omen', 'viper']",102,0.33,203.0,129.2,4,217,41,0.13,0.11,35,29,75,1.04,225,0.73,25,FUT,AtaKaptan,1.03,310,EMEA,STAGE 2
584,"['yoru', 'raze', 'omen']",49,0.20,204.1,137.2,24,177,25,0.10,0.13,31,33,75,1.03,182,0.74,24,KC,marteen,1.02,245,EMEA,STAGE 2
585,"['cypher', 'viper', 'killjoy']",83,0.18,184.9,125.2,18,306,33,0.07,0.08,38,38,70,1.11,340,0.72,30,TH,benjyfishy,1.01,474,EMEA,STAGE 2
586,"['jett', 'raze', 'neon']",42,0.16,215.3,142.5,8,189,42,0.16,0.21,53,37,68,1.05,198,0.77,27,GX,purp0,1.01,257,EMEA,STAGE 2
587,"['fade', 'sova', 'sage']",47,0.28,194.3,123.3,11,111,8,0.05,0.04,6,18,63,0.97,108,0.64,23,TL,Enzo,0.99,168,EMEA,STAGE 2
588,"['gekko', 'killjoy', 'kayo']",236,0.41,177.0,114.3,17,398,40,0.07,0.06,36,22,71,0.89,356,0.62,20,VIT,Kicks,0.99,573,EMEA,STAGE 2
589,"['cypher', 'viper', 'killjoy']",53,0.32,218.5,142.5,3,124,21,0.13,0.11,18,27,73,1.04,129,0.77,27,TL,nAts,0.98,168,EMEA,STAGE 2
590,"['omen', 'cypher', 'killjoy']",59,0.22,168.9,112.7,5,174,10,0.04,0.05,15,35,73,0.99,172,0.63,20,M8,Wailers,0.97,274,EMEA,STAGE 2
591,"['neon', 'raze', 'kayo']",125,0.26,209.7,139.5,,366,76,0.16,0.17,79,30,73,0.92,338,0.71,22,TH,MiniBoo,0.97,474,EMEA,STAGE 2
592,"['gekko', 'breach', 'kayo']",88,0.28,179.1,118.0,13,206,18,0.06,0.05,16,29,72,0.98,202,0.65,18,FUT,qRaxs,0.97,310,EMEA,STAGE 2
593,"['omen', 'brimstone', 'viper']",206,0.47,165.9,107.2,13,284,47,0.11,0.09,40,25,72,0.86,244,0.56,18,FNC,Boaster,0.97,439,EMEA,STAGE 2
594,"['omen', 'brimstone']",61,0.29,198.7,132.1,18,147,23,0.11,0.14,29,38,68,1.00,147,0.71,22,BBL,Brave,0.96,207,EMEA,STAGE 2
595,"['cypher', 'killjoy', 'neon']",144,0.25,186.3,123.1,15,393,45,0.08,0.10,58,22,72,0.94,370,0.65,22,VIT,runneR,0.95,573,EMEA,STAGE 2
596,"['cypher', 'viper', 'killjoy']",58,0.20,188.0,124.9,10,202,15,0.05,0.07,20,31,69,0.94,190,0.67,23,NAVI,SUYGETSU,0.94,285,EMEA,STAGE 2
597,"['kayo', 'gekko', 'breach']",80,0.39,160.7,106.3,11,142,22,0.11,0.08,17,34,66,0.83,118,0.57,18,BBL,pAura,0.93,207,EMEA,STAGE 2
598,"['yoru', 'kayo', 'fade']",119,0.45,161.8,105.9,15,171,28,0.11,0.05,14,21,70,0.86,147,0.56,18,KOI,starxo,0.93,262,EMEA,STAGE 2
599,"['omen', 'viper', 'kayo']",94,0.38,180.1,119.6,8,180,17,0.07,0.09,22,28,73,0.88,158,0.64,24,KC,sh1n,0.92,245,EMEA,STAGE 2
600,"['omen', 'viper']",214,0.37,163.9,106.1,12,408,77,0.13,0.08,44,30,70,0.83,340,0.59,31,VIT,ceNder,0.92,573,EMEA,STAGE 2
601,"['fade', 'gekko', 'sova']",85,0.32,162.1,105.2,17,173,28,0.11,0.05,14,19,71,0.86,148,0.56,19,KOI,ShadoW,0.92,262,EMEA,STAGE 2
602,"['sova', 'breach', 'killjoy']",82,0.33,168.2,112.0,23,174,33,0.13,0.09,23,33,74,0.81,141,0.58,17,KC,MAGNUM,0.91,245,EMEA,STAGE 2
603,"['breach', 'gekko', 'sova']",88,0.34,185.9,132.2,14,187,22,0.09,0.07,17,22,71,0.87,162,0.63,21,GX,Cloud,0.91,257,EMEA,STAGE 2
604,"['yoru', 'neon', 'omen']",57,0.21,195.3,127.5,24,205,64,0.23,0.16,45,24,65,0.90,184,0.67,23,M8,TakaS,0.91,274,EMEA,STAGE 2
605,"['killjoy', 'cypher', 'viper']",59,0.23,173.0,118.0,5,176,26,0.10,0.07,19,25,70,0.87,153,0.60,20,GX,hoody,0.90,257,EMEA,STAGE 2
606,"['raze', 'breach', 'yoru']",72,0.28,177.8,122.1,15,181,15,0.06,0.09,22,32,68,0.92,166,0.65,29,GX,Fit1nho,0.90,257,EMEA,STAGE 2
607,"['omen', 'raze']",30,0.28,171.6,125.6,,79,8,0.07,0.09,10,27,71,0.85,67,0.62,24,GX,Famsii,0.89,108,EMEA,STAGE 2
608,"['jett', 'raze', 'breach']",75,0.26,191.6,126.9,23,216,37,0.13,0.14,41,21,67,0.92,198,0.69,25,NAVI,ardiis,0.89,285,EMEA,STAGE 2
609,"['omen', 'brimstone', 'astra']",91,0.32,178.9,124.6,21,218,19,0.07,0.08,23,32,71,0.82,179,0.63,22,NAVI,Shao,0.89,285,EMEA,STAGE 2
610,"['raze', 'jett', 'iso']",20,0.12,194.0,131.0,14,129,31,0.18,0.13,22,33,67,0.95,123,0.73,30,TL,Keiko,0.86,168,EMEA,STAGE 2
611,"['omen', 'sage', 'astra']",61,0.36,160.5,101.5,23,123,16,0.10,0.05,8,30,71,0.76,94,0.56,17,TL,Mistic,0.85,168,EMEA,STAGE 2
612,"['cypher', 'harbor', 'neon']",49,0.20,162.8,109.4,7,176,22,0.09,0.06,14,33,65,0.81,143,0.58,16,KC,tomaszy,0.85,245,EMEA,STAGE 2
613,"['kayo', 'gekko', 'breach']",93,0.33,202.2,135.6,3,227,40,0.14,0.09,26,29,68,0.88,199,0.70,23,NAVI,Zyppan,0.85,285,EMEA,STAGE 2
614,"['breach', 'kayo', 'sova']",117,0.43,147.3,99.4,18,190,21,0.08,0.04,10,22,72,0.69,132,0.48,15,M8,beyAz,0.84,274,EMEA,STAGE 2
615,"['yoru', 'killjoy', 'breach']",34,0.20,167.8,108.5,13,125,24,0.14,0.08,14,32,63,0.78,98,0.58,20,TL,Jamppi,0.82,168,EMEA,STAGE 2
616,"['sova', 'fade', 'gekko']",55,0.27,151.1,103.2,13,142,7,0.03,0.06,12,32,67,0.77,110,0.53,15,BBL,reazy,0.82,207,EMEA,STAGE 2
617,"['omen', 'cypher', 'sage']",59,0.40,144.0,95.7,14,107,11,0.07,0.08,12,39,67,0.71,76,0.51,17,GX,Redgar,0.80,149,EMEA,STAGE 2
618,"['sova', 'fade', 'gekko']",86,0.30,159.5,107.7,7,219,34,0.12,0.11,30,31,65,0.72,157,0.55,21,NAVI,ANGE1,0.78,285,EMEA,STAGE 2
619,"['killjoy', 'cypher', 'viper']",45,0.17,214.2,143.6,16,164,17,0.06,0.07,18,44,75,1.31,215,0.80,23,BBL,Elite,1.16,268,EMEA,STAGE 1
620,"['sova', 'fade', 'gekko']",235,0.36,210.6,138.8,10,364,19,0.03,0.04,28,27,81,1.35,492,0.76,28,FNC,Leo,1.16,646,EMEA,STAGE 1
621,"['brimstone', 'omen', 'astra']",130,0.40,202.7,132.6,22,204,20,0.06,0.08,27,31,77,1.18,241,0.73,24,NAVI,Shao,1.15,329,EMEA,STAGE 1
622,"['chamber', 'jett', 'sage']",79,0.18,238.6,155.6,8,299,60,0.14,0.15,66,28,75,1.25,373,0.85,25,FUT,cNed,1.15,440,EMEA,STAGE 1
623,"['kayo', 'breach', 'jett']",133,0.40,215.0,142.9,17,236,37,0.11,0.12,39,24,75,1.07,253,0.77,23,NAVI,ardiis,1.12,329,EMEA,STAGE 1
624,"['killjoy', 'cypher', 'viper']",87,0.17,209.5,140.0,19,322,32,0.06,0.09,44,33,72,1.25,404,0.79,28,TH,benjyfishy,1.11,511,EMEA,STAGE 1
625,"['cypher', 'viper']",124,0.30,214.2,144.1,10,273,31,0.07,0.08,35,33,76,1.16,317,0.75,26,KC,tomaszy,1.10,420,EMEA,STAGE 1
626,"['skye', 'sova', 'gekko']",169,0.38,206.2,135.6,14,295,33,0.08,0.09,39,23,75,1.05,310,0.70,25,FUT,MrFaliN,1.09,440,EMEA,STAGE 1
627,"['kayo', 'skye', 'reyna']",128,0.36,206.1,138.3,14,244,30,0.09,0.10,35,33,74,1.03,251,0.72,23,TH,Wo0t,1.09,351,EMEA,STAGE 1
628,"['raze', 'kayo', 'sage']",160,0.36,202.4,130.3,20,297,27,0.06,0.07,31,29,73,1.10,326,0.74,24,FUT,qRaxs,1.09,440,EMEA,STAGE 1
629,"['viper', 'skye', 'kayo']",259,0.40,205.8,137.6,20,422,48,0.07,0.11,68,22,74,1.09,458,0.71,26,FNC,Chronicle,1.08,646,EMEA,STAGE 1
630,"['kayo', 'gekko', 'fade']",132,0.31,217.4,141.1,14,286,29,0.07,0.08,34,27,75,1.10,314,0.75,27,KC,N4RRATE,1.08,420,EMEA,STAGE 1
631,"['viper', 'killjoy', 'cypher']",73,0.22,183.6,127.1,9,205,18,0.05,0.07,24,32,75,1.06,217,0.66,22,NAVI,SUYGETSU,1.07,329,EMEA,STAGE 1
632,"['phoenix', 'raze', 'sage']",43,0.23,236.8,155.1,47,142,26,0.14,0.15,28,25,68,1.08,154,0.83,25,M8,nataNk,1.07,186,EMEA,STAGE 1
633,"['killjoy', 'viper', 'cypher']",123,0.19,219.1,145.4,9,436,73,0.11,0.12,79,29,72,1.14,496,0.77,28,FNC,Alfajer,1.06,646,EMEA,STAGE 1
634,"['gekko', 'viper', 'cypher']",75,0.23,218.7,140.9,7,226,28,0.08,0.11,37,30,74,1.17,265,0.80,28,VIT,Sayf,1.06,331,EMEA,STAGE 1
635,"['viper', 'sage', 'cypher']",99,0.23,197.6,131.2,17,283,47,0.11,0.10,42,26,70,1.08,306,0.70,23,FUT,yetujey,1.04,440,EMEA,STAGE 1
636,"['cypher', 'viper']",83,0.23,211.8,141.1,22,239,28,0.08,0.08,28,29,74,1.15,275,0.77,24,TL,nAts,1.04,355,EMEA,STAGE 1
637,"['jett', 'raze', 'yoru']",79,0.19,217.8,147.8,24,297,65,0.15,0.19,79,27,73,1.07,317,0.75,28,KC,marteen,1.04,420,EMEA,STAGE 1
638,"['jett', 'raze', 'yoru']",46,0.16,215.5,145.8,7,210,40,0.14,0.18,51,31,68,0.99,207,0.74,26,GX,purp0,1.03,281,EMEA,STAGE 1
639,"['kayo', 'neon', 'yoru']",112,0.22,227.6,148.2,16,386,94,0.18,0.18,94,32,72,1.04,400,0.78,26,TH,MiniBoo,1.03,511,EMEA,STAGE 1
640,"['omen', 'viper', 'brimstone']",76,0.32,192.2,129.1,15,163,22,0.09,0.10,23,33,78,0.97,158,0.66,22,KOI,grubinho,1.03,239,EMEA,STAGE 1
641,"['omen', 'viper', 'brimstone']",98,0.37,204.6,133.1,20,190,20,0.07,0.09,24,31,71,0.98,187,0.70,24,BBL,Brave,1.02,268,EMEA,STAGE 1
642,"['gekko', 'sova', 'skye']",201,0.39,191.1,130.1,20,360,38,0.07,0.06,31,36,75,0.94,337,0.66,25,TH,RieNs,1.02,511,EMEA,STAGE 1
643,"['raze', 'yoru', 'jett']",71,0.20,225.8,146.9,18,260,59,0.17,0.19,66,31,70,1.11,288,0.81,25,TL,Keiko,1.02,355,EMEA,STAGE 1
644,"['raze', 'kayo', 'neon']",89,0.27,217.3,147.1,25,241,46,0.14,0.16,52,28,74,1.01,244,0.74,24,NAVI,Zyppan,1.01,329,EMEA,STAGE 1
645,"['viper', 'fade', 'astra']",156,0.47,203.1,130.2,14,232,29,0.09,0.10,33,20,76,0.99,229,0.69,26,VIT,trexx,1.01,331,EMEA,STAGE 1
646,"['viper', 'cypher', 'killjoy']",34,0.14,171.8,113.1,12,143,13,0.05,0.05,13,28,75,1.07,153,0.64,20,KOI,sheydos,1.01,239,EMEA,STAGE 1
647,"['cypher', 'omen', 'viper']",38,0.20,185.7,120.2,6,125,14,0.08,0.07,13,34,68,0.98,123,0.66,19,M8,logaN,1.00,186,EMEA,STAGE 1
648,"['jett', 'raze', 'yoru']",122,0.19,224.5,149.9,21,472,118,0.18,0.17,107,26,70,1.07,507,0.78,29,FNC,Derke,1.00,646,EMEA,STAGE 1
649,"['fade', 'kayo', 'omen']",115,0.48,190.3,123.4,19,168,26,0.11,0.10,23,23,75,0.93,156,0.65,25,KOI,starxo,0.99,239,EMEA,STAGE 1
650,"['jett', 'neon', 'yoru']",51,0.19,229.2,158.3,6,211,40,0.15,0.19,52,23,73,1.01,213,0.79,31,BBL,QutionerX,0.98,268,EMEA,STAGE 1
651,"['sova', 'skye', 'fade']",73,0.26,192.0,127.9,10,196,16,0.06,0.08,22,24,71,1.00,196,0.70,26,GX,Cloud,0.98,281,EMEA,STAGE 1
652,"['yoru', 'breach', 'raze']",77,0.27,191.4,128.3,7,198,29,0.10,0.10,28,32,70,0.90,179,0.64,21,GX,Fit1nho,0.96,281,EMEA,STAGE 1
653,"['sage', 'omen', 'viper']",216,0.42,158.1,104.0,10,332,43,0.08,0.08,42,36,72,0.84,280,0.55,23,TH,Boo,0.96,511,EMEA,STAGE 1
654,"['sova', 'kayo', 'skye']",155,0.37,179.8,117.4,28,294,49,0.12,0.10,40,24,72,0.85,251,0.60,18,KC,MAGNUM,0.96,420,EMEA,STAGE 1
655,"['skye', 'sova', 'gekko']",120,0.34,173.5,119.1,8,225,31,0.09,0.06,21,18,71,0.89,200,0.56,20,TL,Enzo,0.95,355,EMEA,STAGE 1
656,"['gekko', 'fade', 'sova']",95,0.29,185.1,124.4,10,241,34,0.10,0.10,32,34,68,0.88,212,0.64,25,NAVI,ANGE1,0.95,329,EMEA,STAGE 1
657,"['viper', 'omen', 'sage']",174,0.41,156.9,100.1,9,278,33,0.08,0.06,24,28,74,0.84,233,0.55,22,KC,sh1n,0.94,420,EMEA,STAGE 1
658,"['omen', 'harbor', 'sage']",116,0.33,173.4,118.0,5,240,25,0.07,0.07,24,32,73,0.91,219,0.62,23,TL,Mistic,0.93,355,EMEA,STAGE 1
659,"['raze', 'jett', 'yoru']",34,0.14,211.9,136.9,22,191,42,0.18,0.19,45,30,66,0.91,173,0.72,25,KOI,kamo,0.93,239,EMEA,STAGE 1
660,"['omen', 'viper']",173,0.39,176.7,112.9,16,312,56,0.13,0.09,39,23,70,0.83,259,0.59,20,FUT,AtaKaptan,0.92,440,EMEA,STAGE 1
661,"['viper', 'killjoy', 'breach']",115,0.32,193.0,124.5,11,258,41,0.12,0.09,31,29,74,0.91,236,0.66,22,TL,Jamppi,0.92,355,EMEA,STAGE 1
662,"['kayo', 'sova', 'sage']",100,0.37,176.8,111.4,12,190,36,0.13,0.12,32,30,65,0.85,161,0.60,19,BBL,pAura,0.92,268,EMEA,STAGE 1
663,"['viper', 'kayo', 'brimstone']",68,0.43,182.6,125.4,12,114,18,0.11,0.06,9,23,70,0.84,96,0.60,17,TH,paTiTek,0.91,160,EMEA,STAGE 1
664,"['viper', 'cypher']",71,0.25,179.2,124.7,12,198,21,0.07,0.10,29,27,68,0.91,180,0.64,30,GX,hoody,0.91,281,EMEA,STAGE 1
665,"['sova', 'viper', 'skye']",98,0.37,156.5,108.5,24,180,19,0.07,0.04,10,29,68,0.78,141,0.53,15,BBL,reazy,0.90,268,EMEA,STAGE 1
666,"['harbor', 'omen', 'brimstone']",255,0.39,151.3,98.8,14,418,65,0.10,0.06,39,20,73,0.78,327,0.51,21,FNC,Boaster,0.90,646,EMEA,STAGE 1
667,"['breach', 'sova', 'gekko']",67,0.28,161.1,104.7,,168,22,0.09,0.04,10,21,66,0.79,132,0.55,18,KOI,ShadoW,0.89,239,EMEA,STAGE 1
668,"['brimstone', 'omen', 'viper']",109,0.33,176.0,122.7,11,238,28,0.08,0.07,22,24,68,0.85,203,0.61,23,VIT,ceNder,0.89,331,EMEA,STAGE 1
669,"['raze', 'yoru', 'jett']",78,0.24,211.8,139.2,14,257,70,0.21,0.17,56,17,66,0.91,235,0.71,23,VIT,runneR,0.88,331,EMEA,STAGE 1
670,"['deadlock', 'killjoy', 'sova']",113,0.34,165.3,109.8,18,234,15,0.05,0.04,13,21,75,0.86,202,0.61,24,VIT,Kicks,0.87,331,EMEA,STAGE 1
671,"['cypher', 'omen', 'kayo']",95,0.34,150.5,97.6,21,196,26,0.09,0.06,18,37,68,0.77,151,0.54,18,GX,Redgar,0.86,281,EMEA,STAGE 1
672,"['yoru', 'neon', 'jett']",49,0.26,190.9,130.1,,149,27,0.15,0.16,29,19,63,0.81,120,0.65,24,M8,TakaS,0.83,186,EMEA,STAGE 1
673,"['sova', 'kayo', 'skye']",69,0.37,178.9,119.6,3,146,15,0.08,0.06,11,22,70,0.79,116,0.62,25,M8,beyAz,0.82,186,EMEA,STAGE 1
674,"['omen', 'cypher', 'viper']",42,0.23,125.4,85.8,12,134,12,0.06,0.06,11,26,59,0.64,86,0.46,15,M8,Wailers,0.77,186,EMEA,STAGE 1
